[{"model": "admin.logentry", "pk": 1, "fields": {"action_time": "2023-02-10T17:45:32.468Z", "user": 1, "content_type": 6, "object_id": "2", "object_repr": "shishir.sap83@gmail.com", "action_flag": 3, "change_message": ""}}, {"model": "admin.logentry", "pk": 2, "fields": {"action_time": "2023-02-11T16:28:37.141Z", "user": 1, "content_type": 6, "object_id": "7", "object_repr": "arjunbhusal684@gmail.com", "action_flag": 3, "change_message": ""}}, {"model": "admin.logentry", "pk": 3, "fields": {"action_time": "2023-02-11T16:28:37.239Z", "user": 1, "content_type": 6, "object_id": "8", "object_repr": "darey@gmail.com", "action_flag": 3, "change_message": ""}}, {"model": "admin.logentry", "pk": 4, "fields": {"action_time": "2023-02-11T16:28:37.339Z", "user": 1, "content_type": 6, "object_id": "10", "object_repr": "necrosword49@gmail.com", "action_flag": 3, "change_message": ""}}, {"model": "admin.logentry", "pk": 5, "fields": {"action_time": "2023-02-11T16:28:37.439Z", "user": 1, "content_type": 6, "object_id": "4", "object_repr": "robidai1@gmail.com", "action_flag": 3, "change_message": ""}}, {"model": "admin.logentry", "pk": 6, "fields": {"action_time": "2023-02-11T16:28:37.561Z", "user": 1, "content_type": 6, "object_id": "5", "object_repr": "robidai2@gmail.com", "action_flag": 3, "change_message": ""}}, {"model": "admin.logentry", "pk": 7, "fields": {"action_time": "2023-02-11T16:28:37.661Z", "user": 1, "content_type": 6, "object_id": "9", "object_repr": "robidai8@gmail.com", "action_flag": 3, "change_message": ""}}, {"model": "admin.logentry", "pk": 8, "fields": {"action_time": "2023-02-11T16:28:37.838Z", "user": 1, "content_type": 6, "object_id": "3", "object_repr": "shishir.sap83@gmail.com", "action_flag": 3, "change_message": ""}}, {"model": "admin.logentry", "pk": 9, "fields": {"action_time": "2023-02-11T16:28:37.995Z", "user": 1, "content_type": 6, "object_id": "6", "object_repr": "sudipgautam50@gmail.com", "action_flag": 3, "change_message": ""}}, {"model": "admin.logentry", "pk": 10, "fields": {"action_time": "2023-02-11T16:28:38.104Z", "user": 1, "content_type": 6, "object_id": "11", "object_repr": "www.shishir2058@gmail.com", "action_flag": 3, "change_message": ""}}, {"model": "admin.logentry", "pk": 11, "fields": {"action_time": "2023-02-11T16:42:52.682Z", "user": 1, "content_type": 6, "object_id": "12", "object_repr": "www.shishir2058@gmail.com", "action_flag": 3, "change_message": ""}}, {"model": "admin.logentry", "pk": 12, "fields": {"action_time": "2023-02-12T16:53:51.350Z", "user": 1, "content_type": 6, "object_id": "13", "object_repr": "www.shishir2058@gmail.com", "action_flag": 3, "change_message": ""}}, {"model": "admin.logentry", "pk": 13, "fields": {"action_time": "2023-02-12T17:02:00.619Z", "user": 1, "content_type": 6, "object_id": "14", "object_repr": "www.shishir2058@gmail.com", "action_flag": 2, "change_message": "[{\"changed\": {\"fields\": [\"Is email verified\", \"Phone no\"]}}]"}}, {"model": "admin.logentry", "pk": 14, "fields": {"action_time": "2023-04-29T08:01:48.748Z", "user": 1, "content_type": 6, "object_id": "14", "object_repr": "www.shishir2058@gmail.com", "action_flag": 3, "change_message": ""}}, {"model": "admin.logentry", "pk": 15, "fields": {"action_time": "2023-04-29T08:06:41.784Z", "user": 1, "content_type": 6, "object_id": "16", "object_repr": "shishir.sap83@gmail.com", "action_flag": 3, "change_message": ""}}, {"model": "admin.logentry", "pk": 16, "fields": {"action_time": "2023-04-30T07:51:06.343Z", "user": 1, "content_type": 6, "object_id": "17", "object_repr": "www.shishir2058@gmail.com", "action_flag": 2, "change_message": "[{\"changed\": {\"fields\": [\"Phone no\"]}}]"}}, {"model": "admin.logentry", "pk": 17, "fields": {"action_time": "2023-04-30T08:53:04.812Z", "user": 1, "content_type": 6, "object_id": "18", "object_repr": "loneranger@gmail.com", "action_flag": 1, "change_message": "[{\"added\": {}}]"}}, {"model": "admin.logentry", "pk": 18, "fields": {"action_time": "2023-04-30T08:53:54.127Z", "user": 1, "content_type": 6, "object_id": "19", "object_repr": "darey@gmail.com", "action_flag": 1, "change_message": "[{\"added\": {}}]"}}, {"model": "admin.logentry", "pk": 19, "fields": {"action_time": "2023-04-30T16:26:23.323Z", "user": 1, "content_type": 11, "object_id": "1", "object_repr": "Rating object (1)", "action_flag": 1, "change_message": "[{\"added\": {}}]"}}, {"model": "admin.logentry", "pk": 20, "fields": {"action_time": "2023-04-30T16:29:13.712Z", "user": 1, "content_type": 11, "object_id": "1", "object_repr": "tulsi", "action_flag": 2, "change_message": "[]"}}, {"model": "admin.logentry", "pk": 21, "fields": {"action_time": "2023-04-30T16:29:24.672Z", "user": 1, "content_type": 11, "object_id": "2", "object_repr": "tulsi", "action_flag": 1, "change_message": "[{\"added\": {}}]"}}, {"model": "admin.logentry", "pk": 22, "fields": {"action_time": "2023-04-30T16:42:18.094Z", "user": 1, "content_type": 11, "object_id": "2", "object_repr": "tulsi", "action_flag": 2, "change_message": "[]"}}, {"model": "admin.logentry", "pk": 23, "fields": {"action_time": "2023-04-30T16:42:22.928Z", "user": 1, "content_type": 11, "object_id": "1", "object_repr": "tulsi", "action_flag": 2, "change_message": "[]"}}, {"model": "admin.logentry", "pk": 24, "fields": {"action_time": "2023-04-30T16:42:36.036Z", "user": 1, "content_type": 11, "object_id": "3", "object_repr": "tulsi", "action_flag": 1, "change_message": "[{\"added\": {}}]"}}, {"model": "admin.logentry", "pk": 25, "fields": {"action_time": "2023-04-30T16:44:22.803Z", "user": 1, "content_type": 11, "object_id": "4", "object_repr": "tulsi", "action_flag": 1, "change_message": "[{\"added\": {}}]"}}, {"model": "admin.logentry", "pk": 26, "fields": {"action_time": "2023-05-01T09:54:11.217Z", "user": 1, "content_type": 11, "object_id": "4", "object_repr": "tulsi", "action_flag": 3, "change_message": ""}}, {"model": "admin.logentry", "pk": 27, "fields": {"action_time": "2023-05-01T09:54:19.386Z", "user": 1, "content_type": 11, "object_id": "3", "object_repr": "tulsi", "action_flag": 3, "change_message": ""}}, {"model": "admin.logentry", "pk": 28, "fields": {"action_time": "2023-05-01T09:54:19.521Z", "user": 1, "content_type": 11, "object_id": "2", "object_repr": "tulsi", "action_flag": 3, "change_message": ""}}, {"model": "admin.logentry", "pk": 29, "fields": {"action_time": "2023-05-01T09:54:19.610Z", "user": 1, "content_type": 11, "object_id": "1", "object_repr": "tulsi", "action_flag": 3, "change_message": ""}}, {"model": "admin.logentry", "pk": 30, "fields": {"action_time": "2023-05-01T09:55:42.863Z", "user": 1, "content_type": 9, "object_id": "c5bcc100-4f71-4887-9303-c1a8d214df1f", "object_repr": "Robi dai", "action_flag": 1, "change_message": "[{\"added\": {}}]"}}, {"model": "admin.logentry", "pk": 31, "fields": {"action_time": "2023-05-01T09:56:59.403Z", "user": 1, "content_type": 9, "object_id": "413f5872-3471-4818-b149-26eb416a2006", "object_repr": "Shishir Sapkota", "action_flag": 1, "change_message": "[{\"added\": {}}]"}}, {"model": "admin.logentry", "pk": 32, "fields": {"action_time": "2023-05-01T09:57:49.760Z", "user": 1, "content_type": 9, "object_id": "017a3fc2-9a86-439a-b285-a3cbbba9256d", "object_repr": "Zh Draco", "action_flag": 1, "change_message": "[{\"added\": {}}]"}}, {"model": "admin.logentry", "pk": 33, "fields": {"action_time": "2023-05-01T09:59:18.014Z", "user": 1, "content_type": 9, "object_id": "5d2d5bc1-492f-418b-a336-a1ca6e93f45e", "object_repr": "Pujan Lamichhane", "action_flag": 1, "change_message": "[{\"added\": {}}]"}}, {"model": "admin.logentry", "pk": 34, "fields": {"action_time": "2023-05-01T15:31:19.387Z", "user": 1, "content_type": 11, "object_id": "1", "object_repr": "Shishir Sapkota", "action_flag": 3, "change_message": ""}}, {"model": "admin.logentry", "pk": 35, "fields": {"action_time": "2023-05-01T17:21:44.210Z", "user": 1, "content_type": 11, "object_id": "7", "object_repr": "Nishan", "action_flag": 3, "change_message": ""}}, {"model": "admin.logentry", "pk": 36, "fields": {"action_time": "2023-05-01T17:21:44.429Z", "user": 1, "content_type": 11, "object_id": "6", "object_repr": "Pujan Lamichhane", "action_flag": 3, "change_message": ""}}, {"model": "admin.logentry", "pk": 37, "fields": {"action_time": "2023-05-01T17:21:44.517Z", "user": 1, "content_type": 11, "object_id": "5", "object_repr": "Zh Draco", "action_flag": 3, "change_message": ""}}, {"model": "admin.logentry", "pk": 38, "fields": {"action_time": "2023-05-01T17:21:44.595Z", "user": 1, "content_type": 11, "object_id": "4", "object_repr": "tulsi", "action_flag": 3, "change_message": ""}}, {"model": "admin.logentry", "pk": 39, "fields": {"action_time": "2023-05-01T17:21:44.673Z", "user": 1, "content_type": 11, "object_id": "3", "object_repr": "Robi dai", "action_flag": 3, "change_message": ""}}, {"model": "admin.logentry", "pk": 40, "fields": {"action_time": "2023-05-01T17:21:44.761Z", "user": 1, "content_type": 11, "object_id": "2", "object_repr": "Shishir Sapkota", "action_flag": 3, "change_message": ""}}, {"model": "admin.logentry", "pk": 41, "fields": {"action_time": "2023-05-04T10:46:15.001Z", "user": 1, "content_type": 6, "object_id": "20", "object_repr": "tilak@gmail.com", "action_flag": 1, "change_message": "[{\"added\": {}}]"}}, {"model": "admin.logentry", "pk": 42, "fields": {"action_time": "2023-05-04T10:46:35.390Z", "user": 1, "content_type": 9, "object_id": "eb8cc7e4-187d-42e9-a643-78ad02c20c41", "object_repr": "tilake", "action_flag": 2, "change_message": "[{\"changed\": {\"fields\": [\"User\"]}}]"}}, {"model": "admin.logentry", "pk": 43, "fields": {"action_time": "2023-05-04T10:46:50.363Z", "user": 1, "content_type": 9, "object_id": "e3beff61-f63f-4ec8-8f81-39b7c8875acf", "object_repr": "tulsi", "action_flag": 2, "change_message": "[{\"changed\": {\"fields\": [\"User\"]}}]"}}, {"model": "admin.logentry", "pk": 44, "fields": {"action_time": "2023-05-04T10:47:38.396Z", "user": 1, "content_type": 6, "object_id": "21", "object_repr": "robidai@gmail.com", "action_flag": 1, "change_message": "[{\"added\": {}}]"}}, {"model": "admin.logentry", "pk": 45, "fields": {"action_time": "2023-05-04T10:47:56.785Z", "user": 1, "content_type": 9, "object_id": "c5bcc100-4f71-4887-9303-c1a8d214df1f", "object_repr": "Robi dai", "action_flag": 2, "change_message": "[{\"changed\": {\"fields\": [\"User\"]}}]"}}, {"model": "admin.logentry", "pk": 46, "fields": {"action_time": "2023-05-04T10:52:41.673Z", "user": 1, "content_type": 9, "object_id": "860f3919-cfa2-4f1c-8982-c03a483c3fd1", "object_repr": "Nishan", "action_flag": 2, "change_message": "[{\"changed\": {\"fields\": [\"User\"]}}]"}}, {"model": "admin.logentry", "pk": 47, "fields": {"action_time": "2023-05-04T10:52:59.044Z", "user": 1, "content_type": 9, "object_id": "5d2d5bc1-492f-418b-a336-a1ca6e93f45e", "object_repr": "Pujan Lamichhane", "action_flag": 2, "change_message": "[{\"changed\": {\"fields\": [\"User\"]}}]"}}, {"model": "admin.logentry", "pk": 48, "fields": {"action_time": "2023-05-04T10:53:07.350Z", "user": 1, "content_type": 9, "object_id": "413f5872-3471-4818-b149-26eb416a2006", "object_repr": "Shishir Sapkota", "action_flag": 2, "change_message": "[{\"changed\": {\"fields\": [\"User\"]}}]"}}, {"model": "admin.logentry", "pk": 49, "fields": {"action_time": "2023-05-04T10:53:53.238Z", "user": 1, "content_type": 6, "object_id": "22", "object_repr": "zhdraco@gmail.com", "action_flag": 1, "change_message": "[{\"added\": {}}]"}}, {"model": "admin.logentry", "pk": 50, "fields": {"action_time": "2023-05-04T10:54:11.463Z", "user": 1, "content_type": 9, "object_id": "017a3fc2-9a86-439a-b285-a3cbbba9256d", "object_repr": "Zh Draco", "action_flag": 2, "change_message": "[{\"changed\": {\"fields\": [\"User\"]}}]"}}, {"model": "admin.logentry", "pk": 51, "fields": {"action_time": "2023-05-06T17:30:45.309Z", "user": 1, "content_type": 10, "object_id": "11", "object_repr": "Workdetails object (11)", "action_flag": 3, "change_message": ""}}, {"model": "admin.logentry", "pk": 52, "fields": {"action_time": "2023-05-06T17:30:45.412Z", "user": 1, "content_type": 10, "object_id": "10", "object_repr": "Workdetails object (10)", "action_flag": 3, "change_message": ""}}, {"model": "admin.logentry", "pk": 53, "fields": {"action_time": "2023-05-06T17:30:45.528Z", "user": 1, "content_type": 10, "object_id": "9", "object_repr": "Workdetails object (9)", "action_flag": 3, "change_message": ""}}, {"model": "admin.logentry", "pk": 54, "fields": {"action_time": "2023-05-06T17:30:45.634Z", "user": 1, "content_type": 10, "object_id": "8", "object_repr": "Workdetails object (8)", "action_flag": 3, "change_message": ""}}, {"model": "admin.logentry", "pk": 55, "fields": {"action_time": "2023-05-06T17:30:45.723Z", "user": 1, "content_type": 10, "object_id": "7", "object_repr": "Workdetails object (7)", "action_flag": 3, "change_message": ""}}, {"model": "admin.logentry", "pk": 56, "fields": {"action_time": "2023-05-06T17:30:45.812Z", "user": 1, "content_type": 10, "object_id": "6", "object_repr": "Workdetails object (6)", "action_flag": 3, "change_message": ""}}, {"model": "admin.logentry", "pk": 57, "fields": {"action_time": "2023-05-06T17:30:45.945Z", "user": 1, "content_type": 10, "object_id": "5", "object_repr": "Workdetails object (5)", "action_flag": 3, "change_message": ""}}, {"model": "admin.logentry", "pk": 58, "fields": {"action_time": "2023-05-06T17:30:46.045Z", "user": 1, "content_type": 10, "object_id": "4", "object_repr": "Workdetails object (4)", "action_flag": 3, "change_message": ""}}, {"model": "admin.logentry", "pk": 59, "fields": {"action_time": "2023-05-06T17:30:46.144Z", "user": 1, "content_type": 10, "object_id": "3", "object_repr": "Workdetails object (3)", "action_flag": 3, "change_message": ""}}, {"model": "admin.logentry", "pk": 60, "fields": {"action_time": "2023-05-06T17:30:46.267Z", "user": 1, "content_type": 10, "object_id": "2", "object_repr": "Workdetails object (2)", "action_flag": 3, "change_message": ""}}, {"model": "admin.logentry", "pk": 61, "fields": {"action_time": "2023-05-06T17:30:46.389Z", "user": 1, "content_type": 10, "object_id": "1", "object_repr": "Workdetails object (1)", "action_flag": 3, "change_message": ""}}, {"model": "admin.logentry", "pk": 62, "fields": {"action_time": "2023-05-12T09:36:06.246Z", "user": 1, "content_type": 11, "object_id": "8", "object_repr": "tulsi", "action_flag": 2, "change_message": "[{\"changed\": {\"fields\": [\"Review\"]}}]"}}, {"model": "admin.logentry", "pk": 63, "fields": {"action_time": "2023-05-12T09:36:25.337Z", "user": 1, "content_type": 11, "object_id": "9", "object_repr": "tulsi", "action_flag": 2, "change_message": "[{\"changed\": {\"fields\": [\"Review\"]}}]"}}, {"model": "admin.logentry", "pk": 64, "fields": {"action_time": "2023-05-12T09:36:25.644Z", "user": 1, "content_type": 11, "object_id": "9", "object_repr": "tulsi", "action_flag": 2, "change_message": "[]"}}, {"model": "admin.logentry", "pk": 65, "fields": {"action_time": "2023-05-16T07:40:47.337Z", "user": 1, "content_type": 11, "object_id": "14", "object_repr": "Zh Draco", "action_flag": 3, "change_message": ""}}, {"model": "admin.logentry", "pk": 66, "fields": {"action_time": "2023-05-16T10:43:42.079Z", "user": 1, "content_type": 11, "object_id": "9", "object_repr": "tulsi", "action_flag": 3, "change_message": ""}}, {"model": "admin.logentry", "pk": 67, "fields": {"action_time": "2023-05-16T10:43:42.192Z", "user": 1, "content_type": 11, "object_id": "8", "object_repr": "tulsi", "action_flag": 3, "change_message": ""}}, {"model": "admin.logentry", "pk": 68, "fields": {"action_time": "2023-05-16T10:44:04.546Z", "user": 1, "content_type": 9, "object_id": "e3beff61-f63f-4ec8-8f81-39b7c8875acf", "object_repr": "tulsi", "action_flag": 2, "change_message": "[{\"changed\": {\"fields\": [\"Ratingofex\"]}}]"}}, {"model": "admin.logentry", "pk": 69, "fields": {"action_time": "2023-05-16T10:44:12.563Z", "user": 1, "content_type": 9, "object_id": "e3beff61-f63f-4ec8-8f81-39b7c8875acf", "object_repr": "tulsi", "action_flag": 2, "change_message": "[{\"changed\": {\"fields\": [\"Ratingofex\"]}}]"}}, {"model": "admin.logentry", "pk": 70, "fields": {"action_time": "2023-05-16T10:49:05.182Z", "user": 1, "content_type": 11, "object_id": "16", "object_repr": "tulsi", "action_flag": 3, "change_message": ""}}, {"model": "admin.logentry", "pk": 71, "fields": {"action_time": "2023-05-16T10:49:15.724Z", "user": 1, "content_type": 9, "object_id": "e3beff61-f63f-4ec8-8f81-39b7c8875acf", "object_repr": "tulsi", "action_flag": 2, "change_message": "[{\"changed\": {\"fields\": [\"Ratingofex\"]}}]"}}, {"model": "admin.logentry", "pk": 72, "fields": {"action_time": "2023-05-17T11:36:13.488Z", "user": 1, "content_type": 6, "object_id": "23", "object_repr": "sudipgautam50@gmail.com", "action_flag": 1, "change_message": "[{\"added\": {}}]"}}, {"model": "admin.logentry", "pk": 73, "fields": {"action_time": "2023-05-19T05:33:18.163Z", "user": 1, "content_type": 9, "object_id": "eb8cc7e4-187d-42e9-a643-78ad02c20c41", "object_repr": "Tilak Khatri", "action_flag": 2, "change_message": "[{\"changed\": {\"fields\": [\"Name\", \"Expert image\", \"Description\", \"Ratingofex\"]}}]"}}, {"model": "admin.logentry", "pk": 74, "fields": {"action_time": "2023-05-19T05:34:06.354Z", "user": 1, "content_type": 9, "object_id": "e3beff61-f63f-4ec8-8f81-39b7c8875acf", "object_repr": "Sita Tamang", "action_flag": 2, "change_message": "[{\"changed\": {\"fields\": [\"Name\", \"Expert image\"]}}]"}}, {"model": "admin.logentry", "pk": 75, "fields": {"action_time": "2023-05-19T05:35:55.617Z", "user": 1, "content_type": 9, "object_id": "c5bcc100-4f71-4887-9303-c1a8d214df1f", "object_repr": "Suraj Pandey", "action_flag": 2, "change_message": "[{\"changed\": {\"fields\": [\"Name\", \"Expert image\"]}}]"}}, {"model": "admin.logentry", "pk": 76, "fields": {"action_time": "2023-05-19T05:37:21.337Z", "user": 1, "content_type": 9, "object_id": "860f3919-cfa2-4f1c-8982-c03a483c3fd1", "object_repr": "Nishan Poudel", "action_flag": 2, "change_message": "[{\"changed\": {\"fields\": [\"Name\", \"Expert image\", \"Description\", \"Category\"]}}]"}}, {"model": "admin.logentry", "pk": 77, "fields": {"action_time": "2023-05-19T05:38:27.349Z", "user": 1, "content_type": 9, "object_id": "6600c158-ff4c-4ae1-9f52-8800e94e27a6", "object_repr": "Sudip Pariyar", "action_flag": 2, "change_message": "[{\"changed\": {\"fields\": [\"Name\", \"Expert image\", \"Description\", \"Category\"]}}]"}}, {"model": "admin.logentry", "pk": 78, "fields": {"action_time": "2023-05-19T05:39:33.356Z", "user": 1, "content_type": 9, "object_id": "5d2d5bc1-492f-418b-a336-a1ca6e93f45e", "object_repr": "Pujan Lamichhane", "action_flag": 2, "change_message": "[{\"changed\": {\"fields\": [\"Expert image\", \"Description\", \"Category\"]}}]"}}, {"model": "admin.logentry", "pk": 79, "fields": {"action_time": "2023-05-19T05:39:49.581Z", "user": 1, "content_type": 9, "object_id": "5d2d5bc1-492f-418b-a336-a1ca6e93f45e", "object_repr": "Pujan Yadav", "action_flag": 2, "change_message": "[{\"changed\": {\"fields\": [\"Name\"]}}]"}}, {"model": "admin.logentry", "pk": 80, "fields": {"action_time": "2023-05-19T05:40:31.708Z", "user": 1, "content_type": 9, "object_id": "413f5872-3471-4818-b149-26eb416a2006", "object_repr": "Nischal Magar", "action_flag": 2, "change_message": "[{\"changed\": {\"fields\": [\"Name\", \"Expert image\", \"Category\"]}}]"}}, {"model": "admin.logentry", "pk": 81, "fields": {"action_time": "2023-05-19T05:40:53.218Z", "user": 1, "content_type": 9, "object_id": "017a3fc2-9a86-439a-b285-a3cbbba9256d", "object_repr": "Magnus Carlsen", "action_flag": 2, "change_message": "[{\"changed\": {\"fields\": [\"Name\", \"Expert image\"]}}]"}}, {"model": "admin.logentry", "pk": 82, "fields": {"action_time": "2023-05-19T05:42:51.178Z", "user": 1, "content_type": 9, "object_id": "e3beff61-f63f-4ec8-8f81-39b7c8875acf", "object_repr": "Sita Tamang", "action_flag": 2, "change_message": "[{\"changed\": {\"fields\": [\"Description\", \"Category\"]}}]"}}, {"model": "admin.logentry", "pk": 83, "fields": {"action_time": "2023-05-19T05:43:53.577Z", "user": 1, "content_type": 9, "object_id": "eb8cc7e4-187d-42e9-a643-78ad02c20c41", "object_repr": "Tilak Khatri", "action_flag": 2, "change_message": "[{\"changed\": {\"fields\": [\"Category\"]}}]"}}, {"model": "admin.logentry", "pk": 84, "fields": {"action_time": "2023-05-19T06:04:19.293Z", "user": 1, "content_type": 10, "object_id": "15", "object_repr": "Workdetails object (15)", "action_flag": 2, "change_message": "[{\"changed\": {\"fields\": [\"Description\"]}}]"}}, {"model": "admin.logentry", "pk": 85, "fields": {"action_time": "2023-05-19T06:16:34.503Z", "user": 1, "content_type": 10, "object_id": "15", "object_repr": "Workdetails object (15)", "action_flag": 2, "change_message": "[{\"changed\": {\"fields\": [\"Description\"]}}]"}}, {"model": "admin.logentry", "pk": 86, "fields": {"action_time": "2023-05-19T06:16:54.219Z", "user": 1, "content_type": 10, "object_id": "15", "object_repr": "Workdetails object (15)", "action_flag": 2, "change_message": "[{\"changed\": {\"fields\": [\"Description\"]}}]"}}, {"model": "admin.logentry", "pk": 87, "fields": {"action_time": "2023-05-19T06:42:44.437Z", "user": 1, "content_type": 10, "object_id": "12", "object_repr": "Workdetails object (12)", "action_flag": 2, "change_message": "[{\"changed\": {\"fields\": [\"Description\"]}}]"}}, {"model": "admin.logentry", "pk": 88, "fields": {"action_time": "2023-05-19T06:43:53.511Z", "user": 1, "content_type": 10, "object_id": "12", "object_repr": "Workdetails object (12)", "action_flag": 2, "change_message": "[{\"changed\": {\"fields\": [\"Description\"]}}]"}}, {"model": "admin.logentry", "pk": 89, "fields": {"action_time": "2023-05-19T06:44:49.184Z", "user": 1, "content_type": 10, "object_id": "12", "object_repr": "Workdetails object (12)", "action_flag": 2, "change_message": "[{\"changed\": {\"fields\": [\"Description\"]}}]"}}, {"model": "admin.logentry", "pk": 90, "fields": {"action_time": "2023-05-19T06:45:09.003Z", "user": 1, "content_type": 10, "object_id": "12", "object_repr": "Workdetails object (12)", "action_flag": 2, "change_message": "[{\"changed\": {\"fields\": [\"Description\"]}}]"}}, {"model": "admin.logentry", "pk": 91, "fields": {"action_time": "2023-05-19T07:13:31.130Z", "user": 1, "content_type": 10, "object_id": "17", "object_repr": "Workdetails object (17)", "action_flag": 2, "change_message": "[{\"changed\": {\"fields\": [\"Description\", \"Contact\", \"Location\"]}}]"}}, {"model": "admin.logentry", "pk": 92, "fields": {"action_time": "2023-05-19T07:27:43.079Z", "user": 1, "content_type": 10, "object_id": "16", "object_repr": "Workdetails object (16)", "action_flag": 2, "change_message": "[{\"changed\": {\"fields\": [\"Description\", \"Location\"]}}]"}}, {"model": "admin.logentry", "pk": 93, "fields": {"action_time": "2023-05-19T07:27:58.001Z", "user": 1, "content_type": 10, "object_id": "16", "object_repr": "Workdetails object (16)", "action_flag": 2, "change_message": "[{\"changed\": {\"fields\": [\"Description\"]}}]"}}, {"model": "admin.logentry", "pk": 94, "fields": {"action_time": "2023-05-19T07:29:19.536Z", "user": 1, "content_type": 10, "object_id": "14", "object_repr": "Workdetails object (14)", "action_flag": 2, "change_message": "[{\"changed\": {\"fields\": [\"Description\"]}}]"}}, {"model": "admin.logentry", "pk": 95, "fields": {"action_time": "2023-05-19T16:42:33.009Z", "user": 1, "content_type": 13, "object_id": "1", "object_repr": "Comments object (1)", "action_flag": 1, "change_message": "[{\"added\": {}}]"}}, {"model": "admin.logentry", "pk": 96, "fields": {"action_time": "2023-05-19T16:43:17.293Z", "user": 1, "content_type": 12, "object_id": "1", "object_repr": "dfd", "action_flag": 3, "change_message": ""}}, {"model": "admin.logentry", "pk": 97, "fields": {"action_time": "2023-05-19T17:09:57.002Z", "user": 1, "content_type": 12, "object_id": "1", "object_repr": "mecha", "action_flag": 1, "change_message": "[{\"added\": {}}]"}}, {"model": "admin.logentry", "pk": 98, "fields": {"action_time": "2023-05-19T17:16:00.599Z", "user": 1, "content_type": 13, "object_id": "2", "object_repr": "Comments object (2)", "action_flag": 1, "change_message": "[{\"added\": {}}]"}}, {"model": "admin.logentry", "pk": 99, "fields": {"action_time": "2023-05-20T07:52:08.891Z", "user": 1, "content_type": 9, "object_id": "eb8cc7e4-187d-42e9-a643-78ad02c20c41", "object_repr": "Tilak Khatri", "action_flag": 2, "change_message": "[{\"changed\": {\"fields\": [\"Ratingofex\"]}}]"}}, {"model": "admin.logentry", "pk": 100, "fields": {"action_time": "2023-05-21T03:41:46.112Z", "user": 1, "content_type": 11, "object_id": "19", "object_repr": "Sudip Pariyar", "action_flag": 3, "change_message": ""}}, {"model": "admin.logentry", "pk": 101, "fields": {"action_time": "2023-05-21T03:41:46.244Z", "user": 1, "content_type": 11, "object_id": "18", "object_repr": "Nischal Magar", "action_flag": 3, "change_message": ""}}, {"model": "admin.logentry", "pk": 102, "fields": {"action_time": "2023-05-21T03:41:46.333Z", "user": 1, "content_type": 11, "object_id": "17", "object_repr": "Sita Tamang", "action_flag": 3, "change_message": ""}}, {"model": "admin.logentry", "pk": 103, "fields": {"action_time": "2023-05-21T03:41:46.411Z", "user": 1, "content_type": 11, "object_id": "15", "object_repr": "Magnus Carlsen", "action_flag": 3, "change_message": ""}}, {"model": "admin.logentry", "pk": 104, "fields": {"action_time": "2023-05-21T03:41:46.488Z", "user": 1, "content_type": 11, "object_id": "13", "object_repr": "Tilak Khatri", "action_flag": 3, "change_message": ""}}, {"model": "admin.logentry", "pk": 105, "fields": {"action_time": "2023-05-21T03:41:46.566Z", "user": 1, "content_type": 11, "object_id": "12", "object_repr": "Nishan Poudel", "action_flag": 3, "change_message": ""}}, {"model": "admin.logentry", "pk": 106, "fields": {"action_time": "2023-05-21T03:41:46.666Z", "user": 1, "content_type": 11, "object_id": "11", "object_repr": "Pujan Yadav", "action_flag": 3, "change_message": ""}}, {"model": "admin.logentry", "pk": 107, "fields": {"action_time": "2023-05-21T03:41:46.743Z", "user": 1, "content_type": 11, "object_id": "10", "object_repr": "Suraj Pandey", "action_flag": 3, "change_message": ""}}, {"model": "admin.logentry", "pk": 108, "fields": {"action_time": "2023-05-21T03:41:56.758Z", "user": 1, "content_type": 9, "object_id": "eb8cc7e4-187d-42e9-a643-78ad02c20c41", "object_repr": "Tilak Khatri", "action_flag": 2, "change_message": "[{\"changed\": {\"fields\": [\"Ratingofex\"]}}]"}}, {"model": "admin.logentry", "pk": 109, "fields": {"action_time": "2023-05-21T03:42:08.030Z", "user": 1, "content_type": 9, "object_id": "e3beff61-f63f-4ec8-8f81-39b7c8875acf", "object_repr": "Sita Tamang", "action_flag": 2, "change_message": "[{\"changed\": {\"fields\": [\"Ratingofex\"]}}]"}}, {"model": "admin.logentry", "pk": 110, "fields": {"action_time": "2023-05-21T03:42:14.711Z", "user": 1, "content_type": 9, "object_id": "c5bcc100-4f71-4887-9303-c1a8d214df1f", "object_repr": "Suraj Pandey", "action_flag": 2, "change_message": "[{\"changed\": {\"fields\": [\"Ratingofex\"]}}]"}}, {"model": "admin.logentry", "pk": 111, "fields": {"action_time": "2023-05-21T03:42:27.658Z", "user": 1, "content_type": 9, "object_id": "860f3919-cfa2-4f1c-8982-c03a483c3fd1", "object_repr": "Nishan Poudel", "action_flag": 2, "change_message": "[{\"changed\": {\"fields\": [\"Ratingofex\"]}}]"}}, {"model": "admin.logentry", "pk": 112, "fields": {"action_time": "2023-05-21T03:42:36.557Z", "user": 1, "content_type": 9, "object_id": "6600c158-ff4c-4ae1-9f52-8800e94e27a6", "object_repr": "Sudip Pariyar", "action_flag": 2, "change_message": "[{\"changed\": {\"fields\": [\"Ratingofex\"]}}]"}}, {"model": "admin.logentry", "pk": 113, "fields": {"action_time": "2023-05-21T03:42:44.025Z", "user": 1, "content_type": 9, "object_id": "5d2d5bc1-492f-418b-a336-a1ca6e93f45e", "object_repr": "Pujan Yadav", "action_flag": 2, "change_message": "[{\"changed\": {\"fields\": [\"Ratingofex\"]}}]"}}, {"model": "admin.logentry", "pk": 114, "fields": {"action_time": "2023-05-21T03:42:52.117Z", "user": 1, "content_type": 9, "object_id": "413f5872-3471-4818-b149-26eb416a2006", "object_repr": "Nischal Magar", "action_flag": 2, "change_message": "[{\"changed\": {\"fields\": [\"Ratingofex\"]}}]"}}, {"model": "admin.logentry", "pk": 115, "fields": {"action_time": "2023-05-21T03:43:00.347Z", "user": 1, "content_type": 9, "object_id": "017a3fc2-9a86-439a-b285-a3cbbba9256d", "object_repr": "Magnus Carlsen", "action_flag": 2, "change_message": "[{\"changed\": {\"fields\": [\"Ratingofex\"]}}]"}}, {"model": "admin.logentry", "pk": 116, "fields": {"action_time": "2023-05-21T04:18:23.169Z", "user": 1, "content_type": 6, "object_id": "25", "object_repr": "dfdfdfdf@gmail.com", "action_flag": 2, "change_message": "[{\"changed\": {\"fields\": [\"Is email verified\", \"Phone no\"]}}]"}}, {"model": "admin.logentry", "pk": 117, "fields": {"action_time": "2023-05-21T04:20:23.700Z", "user": 1, "content_type": 9, "object_id": "7bdda8c4-d1d2-4f52-a98e-2f6d42d24c48", "object_repr": "Ajay Pokhrel", "action_flag": 3, "change_message": ""}}, {"model": "admin.logentry", "pk": 118, "fields": {"action_time": "2023-05-21T04:24:17.858Z", "user": 1, "content_type": 9, "object_id": "1fb55176-77e7-4843-b3ac-0c6f475bf213", "object_repr": "Shambhusita puri", "action_flag": 1, "change_message": "[{\"added\": {}}]"}}, {"model": "admin.logentry", "pk": 119, "fields": {"action_time": "2023-05-21T04:25:36.938Z", "user": 1, "content_type": 9, "object_id": "1fb55176-77e7-4843-b3ac-0c6f475bf213", "object_repr": "Shambhusita puri", "action_flag": 3, "change_message": ""}}, {"model": "admin.logentry", "pk": 120, "fields": {"action_time": "2023-05-21T13:27:31.929Z", "user": 1, "content_type": 9, "object_id": "7f24daf6-1700-44ca-b500-d95d4fc83db5", "object_repr": "Sitaram Kandel", "action_flag": 3, "change_message": ""}}, {"model": "admin.logentry", "pk": 121, "fields": {"action_time": "2023-05-21T16:40:37.616Z", "user": 1, "content_type": 9, "object_id": "c57653e4-03ab-4c02-af72-683853db33ee", "object_repr": "Sitaram Kandel", "action_flag": 1, "change_message": "[{\"added\": {}}]"}}, {"model": "admin.logentry", "pk": 122, "fields": {"action_time": "2023-05-21T16:47:35.302Z", "user": 1, "content_type": 9, "object_id": "d3e5679d-d432-48d3-8535-33a9476085ca", "object_repr": "Sitaram Kandel", "action_flag": 1, "change_message": "[{\"added\": {}}]"}}, {"model": "admin.logentry", "pk": 123, "fields": {"action_time": "2023-05-21T16:48:45.232Z", "user": 1, "content_type": 9, "object_id": "d3e5679d-d432-48d3-8535-33a9476085ca", "object_repr": "Sitaram Kandel", "action_flag": 3, "change_message": ""}}, {"model": "admin.logentry", "pk": 124, "fields": {"action_time": "2023-05-21T17:55:45.657Z", "user": 1, "content_type": 9, "object_id": "eb8cc7e4-187d-42e9-a643-78ad02c20c41", "object_repr": "Tilak Khatri", "action_flag": 2, "change_message": "[{\"changed\": {\"fields\": [\"Qualification\"]}}]"}}, {"model": "admin.logentry", "pk": 125, "fields": {"action_time": "2023-05-21T17:55:58.575Z", "user": 1, "content_type": 9, "object_id": "e3beff61-f63f-4ec8-8f81-39b7c8875acf", "object_repr": "Sita Tamang", "action_flag": 2, "change_message": "[{\"changed\": {\"fields\": [\"Qualification\"]}}]"}}, {"model": "admin.logentry", "pk": 126, "fields": {"action_time": "2023-05-21T17:56:10.226Z", "user": 1, "content_type": 9, "object_id": "c5bcc100-4f71-4887-9303-c1a8d214df1f", "object_repr": "Suraj Pandey", "action_flag": 2, "change_message": "[{\"changed\": {\"fields\": [\"Qualification\"]}}]"}}, {"model": "admin.logentry", "pk": 127, "fields": {"action_time": "2023-05-21T17:56:23.285Z", "user": 1, "content_type": 9, "object_id": "860f3919-cfa2-4f1c-8982-c03a483c3fd1", "object_repr": "Nishan Poudel", "action_flag": 2, "change_message": "[{\"changed\": {\"fields\": [\"Qualification\"]}}]"}}, {"model": "admin.logentry", "pk": 128, "fields": {"action_time": "2023-05-21T17:56:35.491Z", "user": 1, "content_type": 9, "object_id": "6600c158-ff4c-4ae1-9f52-8800e94e27a6", "object_repr": "Sudip Pariyar", "action_flag": 2, "change_message": "[{\"changed\": {\"fields\": [\"Qualification\"]}}]"}}, {"model": "admin.logentry", "pk": 129, "fields": {"action_time": "2023-05-21T17:56:46.363Z", "user": 1, "content_type": 9, "object_id": "5d2d5bc1-492f-418b-a336-a1ca6e93f45e", "object_repr": "Pujan Yadav", "action_flag": 2, "change_message": "[{\"changed\": {\"fields\": [\"Qualification\"]}}]"}}, {"model": "admin.logentry", "pk": 130, "fields": {"action_time": "2023-05-21T17:56:58.776Z", "user": 1, "content_type": 9, "object_id": "413f5872-3471-4818-b149-26eb416a2006", "object_repr": "Nischal Magar", "action_flag": 2, "change_message": "[{\"changed\": {\"fields\": [\"Qualification\"]}}]"}}, {"model": "admin.logentry", "pk": 131, "fields": {"action_time": "2023-05-21T17:57:11.408Z", "user": 1, "content_type": 9, "object_id": "017a3fc2-9a86-439a-b285-a3cbbba9256d", "object_repr": "Magnus Carlsen", "action_flag": 2, "change_message": "[{\"changed\": {\"fields\": [\"Qualification\"]}}]"}}, {"model": "auth.permission", "pk": 1, "fields": {"name": "Can add log entry", "content_type": 1, "codename": "add_logentry"}}, {"model": "auth.permission", "pk": 2, "fields": {"name": "Can change log entry", "content_type": 1, "codename": "change_logentry"}}, {"model": "auth.permission", "pk": 3, "fields": {"name": "Can delete log entry", "content_type": 1, "codename": "delete_logentry"}}, {"model": "auth.permission", "pk": 4, "fields": {"name": "Can view log entry", "content_type": 1, "codename": "view_logentry"}}, {"model": "auth.permission", "pk": 5, "fields": {"name": "Can add permission", "content_type": 2, "codename": "add_permission"}}, {"model": "auth.permission", "pk": 6, "fields": {"name": "Can change permission", "content_type": 2, "codename": "change_permission"}}, {"model": "auth.permission", "pk": 7, "fields": {"name": "Can delete permission", "content_type": 2, "codename": "delete_permission"}}, {"model": "auth.permission", "pk": 8, "fields": {"name": "Can view permission", "content_type": 2, "codename": "view_permission"}}, {"model": "auth.permission", "pk": 9, "fields": {"name": "Can add group", "content_type": 3, "codename": "add_group"}}, {"model": "auth.permission", "pk": 10, "fields": {"name": "Can change group", "content_type": 3, "codename": "change_group"}}, {"model": "auth.permission", "pk": 11, "fields": {"name": "Can delete group", "content_type": 3, "codename": "delete_group"}}, {"model": "auth.permission", "pk": 12, "fields": {"name": "Can view group", "content_type": 3, "codename": "view_group"}}, {"model": "auth.permission", "pk": 13, "fields": {"name": "Can add content type", "content_type": 4, "codename": "add_contenttype"}}, {"model": "auth.permission", "pk": 14, "fields": {"name": "Can change content type", "content_type": 4, "codename": "change_contenttype"}}, {"model": "auth.permission", "pk": 15, "fields": {"name": "Can delete content type", "content_type": 4, "codename": "delete_contenttype"}}, {"model": "auth.permission", "pk": 16, "fields": {"name": "Can view content type", "content_type": 4, "codename": "view_contenttype"}}, {"model": "auth.permission", "pk": 17, "fields": {"name": "Can add session", "content_type": 5, "codename": "add_session"}}, {"model": "auth.permission", "pk": 18, "fields": {"name": "Can change session", "content_type": 5, "codename": "change_session"}}, {"model": "auth.permission", "pk": 19, "fields": {"name": "Can delete session", "content_type": 5, "codename": "delete_session"}}, {"model": "auth.permission", "pk": 20, "fields": {"name": "Can view session", "content_type": 5, "codename": "view_session"}}, {"model": "auth.permission", "pk": 21, "fields": {"name": "Can add user", "content_type": 6, "codename": "add_user"}}, {"model": "auth.permission", "pk": 22, "fields": {"name": "Can change user", "content_type": 6, "codename": "change_user"}}, {"model": "auth.permission", "pk": 23, "fields": {"name": "Can delete user", "content_type": 6, "codename": "delete_user"}}, {"model": "auth.permission", "pk": 24, "fields": {"name": "Can view user", "content_type": 6, "codename": "view_user"}}, {"model": "auth.permission", "pk": 25, "fields": {"name": "Can add blacklisted token", "content_type": 7, "codename": "add_blacklistedtoken"}}, {"model": "auth.permission", "pk": 26, "fields": {"name": "Can change blacklisted token", "content_type": 7, "codename": "change_blacklistedtoken"}}, {"model": "auth.permission", "pk": 27, "fields": {"name": "Can delete blacklisted token", "content_type": 7, "codename": "delete_blacklistedtoken"}}, {"model": "auth.permission", "pk": 28, "fields": {"name": "Can view blacklisted token", "content_type": 7, "codename": "view_blacklistedtoken"}}, {"model": "auth.permission", "pk": 29, "fields": {"name": "Can add outstanding token", "content_type": 8, "codename": "add_outstandingtoken"}}, {"model": "auth.permission", "pk": 30, "fields": {"name": "Can change outstanding token", "content_type": 8, "codename": "change_outstandingtoken"}}, {"model": "auth.permission", "pk": 31, "fields": {"name": "Can delete outstanding token", "content_type": 8, "codename": "delete_outstandingtoken"}}, {"model": "auth.permission", "pk": 32, "fields": {"name": "Can view outstanding token", "content_type": 8, "codename": "view_outstandingtoken"}}, {"model": "auth.permission", "pk": 33, "fields": {"name": "Can add expert profile", "content_type": 9, "codename": "add_expertprofile"}}, {"model": "auth.permission", "pk": 34, "fields": {"name": "Can change expert profile", "content_type": 9, "codename": "change_expertprofile"}}, {"model": "auth.permission", "pk": 35, "fields": {"name": "Can delete expert profile", "content_type": 9, "codename": "delete_expertprofile"}}, {"model": "auth.permission", "pk": 36, "fields": {"name": "Can view expert profile", "content_type": 9, "codename": "view_expertprofile"}}, {"model": "auth.permission", "pk": 37, "fields": {"name": "Can add workdetails", "content_type": 10, "codename": "add_workdetails"}}, {"model": "auth.permission", "pk": 38, "fields": {"name": "Can change workdetails", "content_type": 10, "codename": "change_workdetails"}}, {"model": "auth.permission", "pk": 39, "fields": {"name": "Can delete workdetails", "content_type": 10, "codename": "delete_workdetails"}}, {"model": "auth.permission", "pk": 40, "fields": {"name": "Can view workdetails", "content_type": 10, "codename": "view_workdetails"}}, {"model": "auth.permission", "pk": 41, "fields": {"name": "Can add rating", "content_type": 11, "codename": "add_rating"}}, {"model": "auth.permission", "pk": 42, "fields": {"name": "Can change rating", "content_type": 11, "codename": "change_rating"}}, {"model": "auth.permission", "pk": 43, "fields": {"name": "Can delete rating", "content_type": 11, "codename": "delete_rating"}}, {"model": "auth.permission", "pk": 44, "fields": {"name": "Can view rating", "content_type": 11, "codename": "view_rating"}}, {"model": "auth.permission", "pk": 45, "fields": {"name": "Can add content", "content_type": 12, "codename": "add_content"}}, {"model": "auth.permission", "pk": 46, "fields": {"name": "Can change content", "content_type": 12, "codename": "change_content"}}, {"model": "auth.permission", "pk": 47, "fields": {"name": "Can delete content", "content_type": 12, "codename": "delete_content"}}, {"model": "auth.permission", "pk": 48, "fields": {"name": "Can view content", "content_type": 12, "codename": "view_content"}}, {"model": "auth.permission", "pk": 49, "fields": {"name": "Can add comments", "content_type": 13, "codename": "add_comments"}}, {"model": "auth.permission", "pk": 50, "fields": {"name": "Can change comments", "content_type": 13, "codename": "change_comments"}}, {"model": "auth.permission", "pk": 51, "fields": {"name": "Can delete comments", "content_type": 13, "codename": "delete_comments"}}, {"model": "auth.permission", "pk": 52, "fields": {"name": "Can view comments", "content_type": 13, "codename": "view_comments"}}, {"model": "contenttypes.contenttype", "pk": 1, "fields": {"app_label": "admin", "model": "logentry"}}, {"model": "contenttypes.contenttype", "pk": 2, "fields": {"app_label": "auth", "model": "permission"}}, {"model": "contenttypes.contenttype", "pk": 3, "fields": {"app_label": "auth", "model": "group"}}, {"model": "contenttypes.contenttype", "pk": 4, "fields": {"app_label": "contenttypes", "model": "contenttype"}}, {"model": "contenttypes.contenttype", "pk": 5, "fields": {"app_label": "sessions", "model": "session"}}, {"model": "contenttypes.contenttype", "pk": 6, "fields": {"app_label": "api", "model": "user"}}, {"model": "contenttypes.contenttype", "pk": 7, "fields": {"app_label": "token_blacklist", "model": "blacklistedtoken"}}, {"model": "contenttypes.contenttype", "pk": 8, "fields": {"app_label": "token_blacklist", "model": "outstandingtoken"}}, {"model": "contenttypes.contenttype", "pk": 9, "fields": {"app_label": "api", "model": "expertprofile"}}, {"model": "contenttypes.contenttype", "pk": 10, "fields": {"app_label": "api", "model": "workdetails"}}, {"model": "contenttypes.contenttype", "pk": 11, "fields": {"app_label": "api", "model": "rating"}}, {"model": "contenttypes.contenttype", "pk": 12, "fields": {"app_label": "api", "model": "content"}}, {"model": "contenttypes.contenttype", "pk": 13, "fields": {"app_label": "api", "model": "comments"}}, {"model": "sessions.session", "pk": "8u3vx6l9p00hixbsw4guhjfq2agt6ty2", "fields": {"session_data": ".eJxVjEEOwiAURO_C2hDaAqJL9z0D-fAHqRpISrsy3t026UKXM-_NvIWndcl-bZj9xOIqOnH67QLFJ8oO-EHlXmWsZZmnIHdFHrTJsTJet8P9O8jU8rZ2wQRjcIkJzvb9QJGCVWcMg4JLSmswW9jU6aQVtNsilIK1zrEhkPh8AfyLOMo:1pzsis:NYD0YUmPRblNNdCj7_LlZarvHqvvREFLYXQnBf5u_SI", "expire_date": "2023-06-02T05:32:14.011Z"}}, {"model": "sessions.session", "pk": "9klpjkso1x0kkrii3fznkw5blzd8evw4", "fields": {"session_data": ".eJxVjEEOwiAURO_C2hDaAqJL9z0D-fAHqRpISrsy3t026UKXM-_NvIWndcl-bZj9xOIqOnH67QLFJ8oO-EHlXmWsZZmnIHdFHrTJsTJet8P9O8jU8rZ2wQRjcIkJzvb9QJGCVWcMg4JLSmswW9jU6aQVtNsilIK1zrEhkPh8AfyLOMo:1pyof4:dOWYsZaWPUqPM9DHUeeEnL-nBtrBnVSmztokRGxg0t0", "expire_date": "2023-05-30T06:59:54.883Z"}}, {"model": "sessions.session", "pk": "eggioarkd5836qos92g0v79sdljxhwpu", "fields": {"session_data": ".eJxVjEEOwiAURO_C2hDaAqJL9z0D-fAHqRpISrsy3t026UKXM-_NvIWndcl-bZj9xOIqOnH67QLFJ8oO-EHlXmWsZZmnIHdFHrTJsTJet8P9O8jU8rZ2wQRjcIkJzvb9QJGCVWcMg4JLSmswW9jU6aQVtNsilIK1zrEhkPh8AfyLOMo:1q0RiJ:z9p0TAdbAz8WFF3dxarF8wy5H4327_FlVYRyU7I0MMA", "expire_date": "2023-06-03T18:53:59.885Z"}}, {"model": "sessions.session", "pk": "igzdry7i4tpk02249fzc3w966lfl5ejv", "fields": {"session_data": ".eJxVjEsOAiEQBe_C2hA-3RJcuvcMhKZBRg0kw8zKeHdDMgvdvqp6bxHivtWwj7yGhcVFaHH63SimZ24T8CO2e5ept21dSE5FHnTIW-f8uh7u30GNo84aoViw5IHs2RvS3iAb4uwAHSrtMNvEqqAyKiYAhToX4OR9QZ-oiM8XyWY3oQ:1pQXSc:uI6uAiXbq1Ix7y-sDib7-uhOrHmVH7VktkbJQKkbDbc", "expire_date": "2023-02-24T17:45:22.729Z"}}, {"model": "sessions.session", "pk": "w8m02x05zo2yktkf10fgytsxyxugwalq", "fields": {"session_data": ".eJxVjEsOAiEQBe_C2hA-3RJcuvcMhKZBRg0kw8zKeHdDMgvdvqp6bxHivtWwj7yGhcVFaHH63SimZ24T8CO2e5ept21dSE5FHnTIW-f8uh7u30GNo84aoViw5IHs2RvS3iAb4uwAHSrtMNvEqqAyKiYAhToX4OR9QZ-oiM8XyWY3oQ:1pseWv:p6OMzuWY8ytkVy5p-1G8CgPcxz7XQH5yQTbcRU53B4g", "expire_date": "2023-05-13T06:58:01.732Z"}}, {"model": "api.user", "pk": 1, "fields": {"password": "pbkdf2_sha256$600000$stDAj5zX1kc9I1SQ33Ik6f$s58hdcAnt8pkd/ZPEeMJHaxHZmlg4vJ0Mz2or8ttTy8=", "last_login": "2023-05-20T18:53:59.772Z", "is_superuser": true, "is_staff": true, "is_active": true, "date_joined": "2023-02-10T17:31:50.451Z", "first_name": null, "last_name": null, "email": "littleboy@gmail.com", "phone_no": "", "is_email_verified": false, "otp": null, "groups": [], "user_permissions": []}}, {"model": "api.user", "pk": 15, "fields": {"password": "pbkdf2_sha256$390000$wiCyBHiWLsqWWHoLegYQ3L$sbLkjdwpbL8qlKNrpLFO2gyVRZ4Bze5snItZ6WMxTEs=", "last_login": null, "is_superuser": false, "is_staff": false, "is_active": true, "date_joined": "2023-04-29T07:57:59.503Z", "first_name": "Sudip", "last_name": "Sapkota", "email": "hfjdkf@gmail.com", "phone_no": "", "is_email_verified": false, "otp": "3375", "groups": [], "user_permissions": []}}, {"model": "api.user", "pk": 17, "fields": {"password": "pbkdf2_sha256$390000$F1qm00CiepW4sqgD8lEA8X$zqJI7VOz2PjZEWTc924s9+zhi1ryvSy17MOYj1tPMcc=", "last_login": null, "is_superuser": false, "is_staff": false, "is_active": true, "date_joined": "2023-04-29T08:07:33.585Z", "first_name": "robi3", "last_name": "Sapkota", "email": "www.shishir2058@gmail.com", "phone_no": "9980540665", "is_email_verified": true, "otp": "2283", "groups": [], "user_permissions": []}}, {"model": "api.user", "pk": 18, "fields": {"password": "pbkdf2_sha256$600000$dAPNP8aeU8cF5WHiqNMSTQ$4/XHGfR8YS3Q5myGCYoBrcOWAwghU0Xc+urrvUIWXW0=", "last_login": null, "is_superuser": false, "is_staff": false, "is_active": true, "date_joined": "2023-04-30T08:53:03.865Z", "first_name": "Pujan", "last_name": "Lamichhane", "email": "loneranger@gmail.com", "phone_no": "454543534", "is_email_verified": true, "otp": null, "groups": [], "user_permissions": []}}, {"model": "api.user", "pk": 19, "fields": {"password": "pbkdf2_sha256$600000$appfHZdtJYL5zSUJfawibs$NtyoG6I7YYScrDP4RYdXTWDUVPoYIUBbAuAxYhWycgA=", "last_login": null, "is_superuser": false, "is_staff": false, "is_active": true, "date_joined": "2023-04-30T08:53:53.174Z", "first_name": "tulsi", "last_name": "bhandari", "email": "darey@gmail.com", "phone_no": "454549879", "is_email_verified": true, "otp": null, "groups": [], "user_permissions": []}}, {"model": "api.user", "pk": 20, "fields": {"password": "pbkdf2_sha256$390000$5HeWK2nrRHerusP8Z2s3pv$e/jD5XSamR0MBVxoFJ3N7MW+ukepW9uuoVpECK1vbCs=", "last_login": null, "is_superuser": false, "is_staff": false, "is_active": true, "date_joined": "2023-05-04T10:46:14.016Z", "first_name": "Tilak", "last_name": "Khatri", "email": "tilak@gmail.com", "phone_no": "878879", "is_email_verified": true, "otp": null, "groups": [], "user_permissions": []}}, {"model": "api.user", "pk": 21, "fields": {"password": "pbkdf2_sha256$600000$dW8pk2xDimXHGaNCP9Z7NX$AicuBJtg/LwdT/UlBPgyfbL4FAl7XqBt+n+lWZNULNw=", "last_login": null, "is_superuser": false, "is_staff": false, "is_active": true, "date_joined": "2023-05-04T10:47:37.446Z", "first_name": "Robi", "last_name": "Dai", "email": "robidai@gmail.com", "phone_no": "7868768", "is_email_verified": true, "otp": null, "groups": [], "user_permissions": []}}, {"model": "api.user", "pk": 22, "fields": {"password": "pbkdf2_sha256$390000$GbxTNS3QX61SNFv4toFOya$1PZeFiY20bjqsJpOwOi0v5UAaXf3B0ChcYqkqxxOl/w=", "last_login": null, "is_superuser": false, "is_staff": false, "is_active": true, "date_joined": "2023-05-04T10:53:52.284Z", "first_name": "Zh", "last_name": "Draco", "email": "zhdraco@gmail.com", "phone_no": "6876897", "is_email_verified": true, "otp": null, "groups": [], "user_permissions": []}}, {"model": "api.user", "pk": 23, "fields": {"password": "pbkdf2_sha256$600000$asCw3ktZAzQKV3L0GnLAud$X1KelWw+8qEroRCSClrYNwdKE821ApozEYHocT6VGro=", "last_login": null, "is_superuser": false, "is_staff": false, "is_active": true, "date_joined": "2023-05-17T11:36:12.065Z", "first_name": "sudip", "last_name": "gautam", "email": "sudipgautam50@gmail.com", "phone_no": "687686", "is_email_verified": true, "otp": null, "groups": [], "user_permissions": []}}, {"model": "api.user", "pk": 24, "fields": {"password": "pbkdf2_sha256$600000$dPXUH0fMt3zMcPQGuna4ZC$5WH0LMJgrS+DAmCjbyqxnhP2DFcQJ17EiGqrQLIoxRM=", "last_login": null, "is_superuser": false, "is_staff": false, "is_active": true, "date_joined": "2023-05-20T18:53:37.852Z", "first_name": "Shishir", "last_name": "hgdh", "email": "dhfjhj@gmail.com", "phone_no": "", "is_email_verified": false, "otp": "7120", "groups": [], "user_permissions": []}}, {"model": "api.user", "pk": 25, "fields": {"password": "pbkdf2_sha256$600000$FLF1P21NFoZdQiwN0UBkCw$VAVzGkKHNB6cK1L4TBMxQ5fJV2hHo0MdbxKPsXmrKQs=", "last_login": null, "is_superuser": false, "is_staff": false, "is_active": true, "date_joined": "2023-05-20T18:55:42.674Z", "first_name": "dfdfd", "last_name": "dfdf", "email": "dfdfdfdf@gmail.com", "phone_no": "9806784", "is_email_verified": true, "otp": "9152", "groups": [], "user_permissions": []}}, {"model": "api.user", "pk": 26, "fields": {"password": "pbkdf2_sha256$600000$hL9aO40tAUTyDW5xFqimwp$q/SrG5yKnCGSs9xPGhd56g0fa8jtCZJTzivchg5JVBo=", "last_login": null, "is_superuser": false, "is_staff": false, "is_active": true, "date_joined": "2023-05-21T09:27:41.439Z", "first_name": "fdhfkjshfj", "last_name": "sdfdshfkjs", "email": "shfkjdhf@gmail.com", "phone_no": "", "is_email_verified": false, "otp": "9239", "groups": [], "user_permissions": []}}, {"model": "api.user", "pk": 27, "fields": {"password": "pbkdf2_sha256$600000$ZSq0IStcGaNIDZs5AeLu5h$hZvmGHePSQeqtljrtJkR1mU6x3ZPVZtvHxPk/6ZjzZ4=", "last_login": null, "is_superuser": false, "is_staff": false, "is_active": true, "date_joined": "2023-05-21T09:31:24.305Z", "first_name": "dfsdsdfdsf", "last_name": "Gautam", "email": "fsdfsd@gmail.com", "phone_no": "", "is_email_verified": false, "otp": "8989", "groups": [], "user_permissions": []}}, {"model": "api.expertprofile", "pk": "017a3fc2-9a86-439a-b285-a3cbbba9256d", "fields": {"user": 22, "name": "Magnus Carlsen", "expert_image": "expertprofile/magnus.webp", "description": "Current World Chess Champion", "category": "Chess", "ratingofex": 3, "qualification": "No qualifications yet", "experience": "No experiences yet"}}, {"model": "api.expertprofile", "pk": "413f5872-3471-4818-b149-26eb416a2006", "fields": {"user": 17, "name": "Nischal Magar", "expert_image": "expertprofile/guitarplayer.jpg", "description": "Professional musician.Guitarist", "category": "Guitarist", "ratingofex": null, "qualification": "No qualifications yet", "experience": "No experiences yet"}}, {"model": "api.expertprofile", "pk": "5d2d5bc1-492f-418b-a336-a1ca6e93f45e", "fields": {"user": 18, "name": "Pujan Yadav", "expert_image": "expertprofile/tutor.jpg", "description": "I teach up to grade 10", "category": "Tutor", "ratingofex": 3, "qualification": "No qualifications yet", "experience": "No experiences yet"}}, {"model": "api.expertprofile", "pk": "6600c158-ff4c-4ae1-9f52-8800e94e27a6", "fields": {"user": 23, "name": "Sudip Pariyar", "expert_image": "expertprofile/plumber.jpg", "description": "pipe fitting", "category": "Plumber", "ratingofex": 4, "qualification": "No qualifications yet", "experience": "No experiences yet"}}, {"model": "api.expertprofile", "pk": "860f3919-cfa2-4f1c-8982-c03a483c3fd1", "fields": {"user": 15, "name": "Nishan Poudel", "expert_image": "expertprofile/pandit.jpg", "description": "Bihe bartabandha Sharaaddha ko lagi samjhanuhos", "category": "Pandit", "ratingofex": null, "qualification": "No qualifications yet", "experience": "No experiences yet"}}, {"model": "api.expertprofile", "pk": "c5bcc100-4f71-4887-9303-c1a8d214df1f", "fields": {"user": 21, "name": "Suraj Pandey", "expert_image": "expertprofile/stockmarket.jpg", "description": "Market analyst", "category": "Stock Market", "ratingofex": null, "qualification": "No qualifications yet", "experience": "No experiences yet"}}, {"model": "api.expertprofile", "pk": "e3beff61-f63f-4ec8-8f81-39b7c8875acf", "fields": {"user": 19, "name": "Sita Tamang", "expert_image": "expertprofile/lawyer.png", "description": "BA LLB", "category": "Lawyer", "ratingofex": null, "qualification": "No qualifications yet", "experience": "No experiences yet"}}, {"model": "api.expertprofile", "pk": "eb8cc7e4-187d-42e9-a643-78ad02c20c41", "fields": {"user": 20, "name": "Tilak Khatri", "expert_image": "expertprofile/webdeveloper.webp", "description": "Frontend web developer", "category": "Frontend Developer", "ratingofex": null, "qualification": "No qualifications yet", "experience": "No experiences yet"}}, {"model": "api.workdetails", "pk": 12, "fields": {"user": 21, "expert": "5d2d5bc1-492f-418b-a336-a1ca6e93f45e", "description": "Need guide to invest in stockmarket", "date": "2023-05-01", "time": "13:21:00", "contact": "6435465", "location": "ktm", "status": "accepted"}}, {"model": "api.workdetails", "pk": 13, "fields": {"user": 19, "expert": "5d2d5bc1-492f-418b-a336-a1ca6e93f45e", "description": "ceng", "date": "2023-05-03", "time": "14:25:00", "contact": "43535", "location": "ktm", "status": "accepted"}}, {"model": "api.workdetails", "pk": 14, "fields": {"user": 18, "expert": "017a3fc2-9a86-439a-b285-a3cbbba9256d", "description": "Can you teach me wing gambit and sicilian defense?", "date": "2023-05-03", "time": "23:47:00", "contact": "6435465", "location": "bardiya", "status": "pending"}}, {"model": "api.workdetails", "pk": 15, "fields": {"user": 18, "expert": "e3beff61-f63f-4ec8-8f81-39b7c8875acf", "description": "Need a lawyer \r\nto advocate for a divorce case.\r\nThe hearing is on 8th december.", "date": "2023-05-09", "time": "17:06:00", "contact": "43535", "location": "burtibang", "status": "rejected"}}, {"model": "api.workdetails", "pk": 16, "fields": {"user": 18, "expert": "413f5872-3471-4818-b149-26eb416a2006", "description": "Teach me Barre chords", "date": "2023-05-03", "time": "17:07:00", "contact": "565675654", "location": "Pokhara", "status": "pending"}}, {"model": "api.workdetails", "pk": 17, "fields": {"user": 18, "expert": "e3beff61-f63f-4ec8-8f81-39b7c8875acf", "description": "Need an advocate consultant", "date": "2023-05-02", "time": "13:01:00", "contact": "9809709890", "location": "Arghakhanchi", "status": "pending"}}, {"model": "api.workdetails", "pk": 18, "fields": {"user": 18, "expert": "6600c158-ff4c-4ae1-9f52-8800e94e27a6", "description": "sink pipe is broken", "date": "2023-05-25", "time": "09:21:00", "contact": "43543543", "location": "ktm", "status": "pending"}}, {"model": "api.workdetails", "pk": 19, "fields": {"user": 18, "expert": "5d2d5bc1-492f-418b-a336-a1ca6e93f45e", "description": "Political Analyst", "date": "2023-05-09", "time": "13:34:00", "contact": "4545", "location": "burtibang", "status": "pending"}}, {"model": "api.workdetails", "pk": 20, "fields": {"user": 18, "expert": "5d2d5bc1-492f-418b-a336-a1ca6e93f45e", "description": "fdsfsdf", "date": "2023-05-02", "time": "14:16:00", "contact": "9809709890", "location": "bardiya", "status": "pending"}}, {"model": "api.workdetails", "pk": 21, "fields": {"user": 19, "expert": "413f5872-3471-4818-b149-26eb416a2006", "description": "Teach me power chords", "date": "2023-05-17", "time": "12:43:00", "contact": "7897678978", "location": "bardiya", "status": "pending"}}, {"model": "api.workdetails", "pk": 22, "fields": {"user": 25, "expert": "e3beff61-f63f-4ec8-8f81-39b7c8875acf", "description": "dfhdkjf", "date": "2023-05-09", "time": "23:18:00", "contact": "79878", "location": "ktm", "status": "pending"}}, {"model": "api.rating", "pk": 20, "fields": {"user": 18, "expert": "017a3fc2-9a86-439a-b285-a3cbbba9256d", "rating": 3, "review": "He doesnot know wings gambit"}}, {"model": "api.rating", "pk": 21, "fields": {"user": 18, "expert": "6600c158-ff4c-4ae1-9f52-8800e94e27a6", "rating": 5, "review": "Very very good"}}, {"model": "api.rating", "pk": 22, "fields": {"user": 18, "expert": "5d2d5bc1-492f-418b-a336-a1ca6e93f45e", "rating": 3, "review": "Not that good"}}, {"model": "api.content", "pk": 1, "fields": {"posted_by": 19, "title": "mecha", "contentvalue": "how to take mecha"}}, {"model": "api.content", "pk": 2, "fields": {"posted_by": 18, "title": "bulb", "contentvalue": "how to make fuse bulb"}}, {"model": "api.content", "pk": 3, "fields": {"posted_by": 18, "title": "Pandit", "contentvalue": "What is the cost of pandit these days?"}}, {"model": "api.content", "pk": 4, "fields": {"posted_by": 18, "title": "doctor", "contentvalue": "how much does a doctor cost?"}}, {"model": "api.content", "pk": 5, "fields": {"posted_by": 18, "title": "", "contentvalue": ""}}, {"model": "api.comments", "pk": 2, "fields": {"post": 1, "comment": "go to wrc", "commented_by": 21}}, {"model": "api.comments", "pk": 3, "fields": {"post": 1, "comment": "dfdf", "commented_by": 18}}, {"model": "api.comments", "pk": 4, "fields": {"post": 1, "comment": "go to pulchowk", "commented_by": 18}}, {"model": "api.comments", "pk": 5, "fields": {"post": 2, "comment": "Buy another", "commented_by": 18}}, {"model": "api.comments", "pk": 6, "fields": {"post": 3, "comment": "1000 rupees", "commented_by": 18}}, {"model": "api.comments", "pk": 7, "fields": {"post": 4, "comment": "5000", "commented_by": 18}}, {"model": "api.comments", "pk": 8, "fields": {"post": 4, "comment": "4000", "commented_by": 18}}, {"model": "api.comments", "pk": 9, "fields": {"post": 2, "comment": "die", "commented_by": 18}}, {"model": "api.comments", "pk": 10, "fields": {"post": 3, "comment": "4000", "commented_by": 18}}, {"model": "token_blacklist.outstandingtoken", "pk": 1, "fields": {"user": null, "jti": "c8b885e9d1bc4eeabab206246519cc1b", "token": "eyJhbGciOiJIUzI1NiIsInR5cCI6IkpXVCJ9.eyJ0b2tlbl90eXBlIjoicmVmcmVzaCIsImV4cCI6MTY3NjMwNzczNiwiaWF0IjoxNjc2MjIxMzM2LCJqdGkiOiJjOGI4ODVlOWQxYmM0ZWVhYmFiMjA2MjQ2NTE5Y2MxYiIsInVzZXJfaWQiOjE0fQ.bpzY5NAmNGXkj1rgK32BRUga66D4WGfLOpnFkT0DqhQ", "created_at": "2023-02-12T17:02:16.072Z", "expires_at": "2023-02-13T17:02:16Z"}}, {"model": "token_blacklist.outstandingtoken", "pk": 2, "fields": {"user": null, "jti": "b19fbfd3887041a28c8c65033953fe2e", "token": "eyJhbGciOiJIUzI1NiIsInR5cCI6IkpXVCJ9.eyJ0b2tlbl90eXBlIjoicmVmcmVzaCIsImV4cCI6MTY3NjMwODI0NSwiaWF0IjoxNjc2MjIxODQ1LCJqdGkiOiJiMTlmYmZkMzg4NzA0MWEyOGM4YzY1MDMzOTUzZmUyZSIsInVzZXJfaWQiOjE0fQ.NER46pg7KcKiIeZPJzqCltIKfLXK87_1krwqRX9bWRw", "created_at": "2023-02-12T17:10:45.029Z", "expires_at": "2023-02-13T17:10:45Z"}}, {"model": "token_blacklist.outstandingtoken", "pk": 3, "fields": {"user": 17, "jti": "4b34d16f7edf421b95c4744a4bc56f4c", "token": "eyJhbGciOiJIUzI1NiIsInR5cCI6IkpXVCJ9.eyJ0b2tlbl90eXBlIjoicmVmcmVzaCIsImV4cCI6MTY4Mjg0MjA5MiwiaWF0IjoxNjgyNzU1NjkyLCJqdGkiOiI0YjM0ZDE2ZjdlZGY0MjFiOTVjNDc0NGE0YmM1NmY0YyIsInVzZXJfaWQiOjE3fQ.9DKq_qi7-J4iQm3Ry2RX-Ktl34x67_ti0D01BrpTRwM", "created_at": "2023-04-29T08:08:12.469Z", "expires_at": "2023-04-30T08:08:12Z"}}, {"model": "token_blacklist.outstandingtoken", "pk": 4, "fields": {"user": 17, "jti": "08ef61422ee346b29074fa0916064ea4", "token": "eyJhbGciOiJIUzI1NiIsInR5cCI6IkpXVCJ9.eyJ0b2tlbl90eXBlIjoicmVmcmVzaCIsImV4cCI6MTY4Mjg0NDkzNCwiaWF0IjoxNjgyNzU4NTM0LCJqdGkiOiIwOGVmNjE0MjJlZTM0NmIyOTA3NGZhMDkxNjA2NGVhNCIsInVzZXJfaWQiOjE3fQ.dPgsl4V6RwrLLAjOMdbiB46RZrOTGv5e8OjmiyxXBEo", "created_at": "2023-04-29T08:55:34.667Z", "expires_at": "2023-04-30T08:55:34Z"}}, {"model": "token_blacklist.outstandingtoken", "pk": 5, "fields": {"user": 17, "jti": "4cf60e4f87db4c76ad99ffffeea1daf1", "token": "eyJhbGciOiJIUzI1NiIsInR5cCI6IkpXVCJ9.eyJ0b2tlbl90eXBlIjoicmVmcmVzaCIsImV4cCI6MTY4Mjg0NDk3NCwiaWF0IjoxNjgyNzU4NTc0LCJqdGkiOiI0Y2Y2MGU0Zjg3ZGI0Yzc2YWQ5OWZmZmZlZWExZGFmMSIsInVzZXJfaWQiOjE3fQ.jrlW22xD2tEx2pKrNkKIEKsyemRzZ4hBcHRfbW3fVaA", "created_at": "2023-04-29T08:56:14.497Z", "expires_at": "2023-04-30T08:56:14Z"}}, {"model": "token_blacklist.outstandingtoken", "pk": 6, "fields": {"user": 17, "jti": "2a014952580c47088592c255f747642c", "token": "eyJhbGciOiJIUzI1NiIsInR5cCI6IkpXVCJ9.eyJ0b2tlbl90eXBlIjoicmVmcmVzaCIsImV4cCI6MTY4Mjg1Nzc4MiwiaWF0IjoxNjgyNzcxMzgyLCJqdGkiOiIyYTAxNDk1MjU4MGM0NzA4ODU5MmMyNTVmNzQ3NjQyYyIsInVzZXJfaWQiOjE3fQ.f4MaNobLa3JiMI9p5id5p2VGD-Sg54gshAaKLPsZBHY", "created_at": "2023-04-29T12:29:42.492Z", "expires_at": "2023-04-30T12:29:42Z"}}, {"model": "token_blacklist.outstandingtoken", "pk": 7, "fields": {"user": 17, "jti": "056a72002180405b98dc349fd688476e", "token": "eyJhbGciOiJIUzI1NiIsInR5cCI6IkpXVCJ9.eyJ0b2tlbl90eXBlIjoicmVmcmVzaCIsImV4cCI6MTY4Mjg1Nzg0NCwiaWF0IjoxNjgyNzcxNDQ0LCJqdGkiOiIwNTZhNzIwMDIxODA0MDViOThkYzM0OWZkNjg4NDc2ZSIsInVzZXJfaWQiOjE3fQ.87e0FIwTSwR6vyx5wWHgSPbTUfzf_oIOntfrURMxw-Y", "created_at": "2023-04-29T12:30:44.859Z", "expires_at": "2023-04-30T12:30:44Z"}}, {"model": "token_blacklist.outstandingtoken", "pk": 8, "fields": {"user": 17, "jti": "9dc3774d895e487e93cd891f848264c3", "token": "eyJhbGciOiJIUzI1NiIsInR5cCI6IkpXVCJ9.eyJ0b2tlbl90eXBlIjoicmVmcmVzaCIsImV4cCI6MTY4Mjg1NzkwNCwiaWF0IjoxNjgyNzcxNTA0LCJqdGkiOiI5ZGMzNzc0ZDg5NWU0ODdlOTNjZDg5MWY4NDgyNjRjMyIsInVzZXJfaWQiOjE3fQ.j_Yj4OFPu_IyPXkZQxh2iU7AH1TAlO3J7DHki1Nr1_c", "created_at": "2023-04-29T12:31:44.999Z", "expires_at": "2023-04-30T12:31:44Z"}}, {"model": "token_blacklist.outstandingtoken", "pk": 9, "fields": {"user": 17, "jti": "249647d7c18b40e6b7d7a50ea2b4ddff", "token": "eyJhbGciOiJIUzI1NiIsInR5cCI6IkpXVCJ9.eyJ0b2tlbl90eXBlIjoicmVmcmVzaCIsImV4cCI6MTY4Mjg1Nzk0MSwiaWF0IjoxNjgyNzcxNTQxLCJqdGkiOiIyNDk2NDdkN2MxOGI0MGU2YjdkN2E1MGVhMmI0ZGRmZiIsInVzZXJfaWQiOjE3fQ.ZKB08kAlHkFz80TF2tHq1SU-MFSVP9TdMY0dt1cbKcQ", "created_at": "2023-04-29T12:32:21.632Z", "expires_at": "2023-04-30T12:32:21Z"}}, {"model": "token_blacklist.outstandingtoken", "pk": 10, "fields": {"user": 17, "jti": "894af72c7b1e47bba76cb185bfc019d4", "token": "eyJhbGciOiJIUzI1NiIsInR5cCI6IkpXVCJ9.eyJ0b2tlbl90eXBlIjoicmVmcmVzaCIsImV4cCI6MTY4Mjg1ODA4NSwiaWF0IjoxNjgyNzcxNjg1LCJqdGkiOiI4OTRhZjcyYzdiMWU0N2JiYTc2Y2IxODViZmMwMTlkNCIsInVzZXJfaWQiOjE3fQ.v9mYVRzqhhzxKvq0zNj_UNaaXucmg1xw2X6Hx_qzoog", "created_at": "2023-04-29T12:34:45.559Z", "expires_at": "2023-04-30T12:34:45Z"}}, {"model": "token_blacklist.outstandingtoken", "pk": 11, "fields": {"user": 19, "jti": "e0e9eac3997d46e3a25c36587b866ac2", "token": "eyJhbGciOiJIUzI1NiIsInR5cCI6IkpXVCJ9.eyJ0b2tlbl90eXBlIjoicmVmcmVzaCIsImV4cCI6MTY4MjkzMTM4OSwiaWF0IjoxNjgyODQ0OTg5LCJqdGkiOiJlMGU5ZWFjMzk5N2Q0NmUzYTI1YzM2NTg3Yjg2NmFjMiIsInVzZXJfaWQiOjE5fQ.H4mEKCo6eK8jKjpQajzroo2MArU7c4zXe4YBqpgwLxA", "created_at": "2023-04-30T08:56:29.907Z", "expires_at": "2023-05-01T08:56:29Z"}}, {"model": "token_blacklist.outstandingtoken", "pk": 12, "fields": {"user": 19, "jti": "fde8c34980da4cbc901fa4d2a3e116be", "token": "eyJhbGciOiJIUzI1NiIsInR5cCI6IkpXVCJ9.eyJ0b2tlbl90eXBlIjoicmVmcmVzaCIsImV4cCI6MTY4MjkzMzIzOSwiaWF0IjoxNjgyODQ2ODM5LCJqdGkiOiJmZGU4YzM0OTgwZGE0Y2JjOTAxZmE0ZDJhM2UxMTZiZSIsInVzZXJfaWQiOjE5fQ.pnQ8raw2j5eQ8pv62poU-9XrN-eTyjlZ8VKUoxlUOzI", "created_at": "2023-04-30T09:27:19.911Z", "expires_at": "2023-05-01T09:27:19Z"}}, {"model": "token_blacklist.outstandingtoken", "pk": 13, "fields": {"user": 19, "jti": "a0b605ab4112436985554c89d4754065", "token": "eyJhbGciOiJIUzI1NiIsInR5cCI6IkpXVCJ9.eyJ0b2tlbl90eXBlIjoicmVmcmVzaCIsImV4cCI6MTY4MjkzNDEzNSwiaWF0IjoxNjgyODQ3NzM1LCJqdGkiOiJhMGI2MDVhYjQxMTI0MzY5ODU1NTRjODlkNDc1NDA2NSIsInVzZXJfaWQiOjE5fQ.rCqRopAEktKzHjok8WzMqG34AXwoYdPmwXQpjL9EOno", "created_at": "2023-04-30T09:42:15.028Z", "expires_at": "2023-05-01T09:42:15Z"}}, {"model": "token_blacklist.outstandingtoken", "pk": 14, "fields": {"user": 19, "jti": "4bceb46bd62944d899e49c95d0d36a0a", "token": "eyJhbGciOiJIUzI1NiIsInR5cCI6IkpXVCJ9.eyJ0b2tlbl90eXBlIjoicmVmcmVzaCIsImV4cCI6MTY4MjkzNDcwNiwiaWF0IjoxNjgyODQ4MzA2LCJqdGkiOiI0YmNlYjQ2YmQ2Mjk0NGQ4OTllNDljOTVkMGQzNmEwYSIsInVzZXJfaWQiOjE5fQ.FXC-O7ZXR3VH4QzJCkLnXg6g4p6WGKkmmIM4TGm2B7g", "created_at": "2023-04-30T09:51:46.798Z", "expires_at": "2023-05-01T09:51:46Z"}}, {"model": "token_blacklist.outstandingtoken", "pk": 15, "fields": {"user": 18, "jti": "ac5879bbee41475c95edb7b574fc3d54", "token": "eyJhbGciOiJIUzI1NiIsInR5cCI6IkpXVCJ9.eyJ0b2tlbl90eXBlIjoicmVmcmVzaCIsImV4cCI6MTY4MzAyNjQyNiwiaWF0IjoxNjgyOTQwMDI2LCJqdGkiOiJhYzU4NzliYmVlNDE0NzVjOTVlZGI3YjU3NGZjM2Q1NCIsInVzZXJfaWQiOjE4fQ.T2n0eI6HV5G0zhQKipbU1KQ0AeZpvsPb_goVcBP9ZlU", "created_at": "2023-05-01T11:20:26.517Z", "expires_at": "2023-05-02T11:20:26Z"}}, {"model": "token_blacklist.outstandingtoken", "pk": 16, "fields": {"user": 18, "jti": "ccb9d636f99649bea60dfcea36cd23ea", "token": "eyJhbGciOiJIUzI1NiIsInR5cCI6IkpXVCJ9.eyJ0b2tlbl90eXBlIjoicmVmcmVzaCIsImV4cCI6MTY4MzAyNjU4OCwiaWF0IjoxNjgyOTQwMTg4LCJqdGkiOiJjY2I5ZDYzNmY5OTY0OWJlYTYwZGZjZWEzNmNkMjNlYSIsInVzZXJfaWQiOjE4fQ.ie1IjU4uLU7m9RV-NA2WLbJ23iwwmAEyTbMKeqbG1vI", "created_at": "2023-05-01T11:23:08.583Z", "expires_at": "2023-05-02T11:23:08Z"}}, {"model": "token_blacklist.outstandingtoken", "pk": 17, "fields": {"user": 19, "jti": "ce46d0dcf817471b9364095b78569e28", "token": "eyJhbGciOiJIUzI1NiIsInR5cCI6IkpXVCJ9.eyJ0b2tlbl90eXBlIjoicmVmcmVzaCIsImV4cCI6MTY4MzA0ODIxOSwiaWF0IjoxNjgyOTYxODE5LCJqdGkiOiJjZTQ2ZDBkY2Y4MTc0NzFiOTM2NDA5NWI3ODU2OWUyOCIsInVzZXJfaWQiOjE5fQ.ER3cePU7pB08WArqPik5-HagJT_dy3dUmdfshUYrnzg", "created_at": "2023-05-01T17:23:39.696Z", "expires_at": "2023-05-02T17:23:39Z"}}, {"model": "token_blacklist.outstandingtoken", "pk": 18, "fields": {"user": 18, "jti": "43ea3cc26eac4ce79b25cf0c295ece67", "token": "eyJhbGciOiJIUzI1NiIsInR5cCI6IkpXVCJ9.eyJ0b2tlbl90eXBlIjoicmVmcmVzaCIsImV4cCI6MTY4MzI5MTk0NSwiaWF0IjoxNjgzMjA1NTQ1LCJqdGkiOiI0M2VhM2NjMjZlYWM0Y2U3OWIyNWNmMGMyOTVlY2U2NyIsInVzZXJfaWQiOjE4fQ.C02Ho8QDb7D647ld1GbCl2yhEt5WTH0fvkCvHpo-Zf4", "created_at": "2023-05-04T13:05:45.126Z", "expires_at": "2023-05-05T13:05:45Z"}}, {"model": "token_blacklist.outstandingtoken", "pk": 19, "fields": {"user": 21, "jti": "382c60099b88491ea472a5c62113177d", "token": "eyJhbGciOiJIUzI1NiIsInR5cCI6IkpXVCJ9.eyJ0b2tlbl90eXBlIjoicmVmcmVzaCIsImV4cCI6MTY4MzI5MjQ4MCwiaWF0IjoxNjgzMjA2MDgwLCJqdGkiOiIzODJjNjAwOTliODg0OTFlYTQ3MmE1YzYyMTEzMTc3ZCIsInVzZXJfaWQiOjIxfQ.lPpX3MsKadJEY5PCe3gvoymn3qk2XfisxCFijsztz8g", "created_at": "2023-05-04T13:14:40.608Z", "expires_at": "2023-05-05T13:14:40Z"}}, {"model": "token_blacklist.outstandingtoken", "pk": 20, "fields": {"user": 21, "jti": "924be9b26fb9463cacf9ec69a9d2f74b", "token": "eyJhbGciOiJIUzI1NiIsInR5cCI6IkpXVCJ9.eyJ0b2tlbl90eXBlIjoicmVmcmVzaCIsImV4cCI6MTY4MzI5MzQ0OCwiaWF0IjoxNjgzMjA3MDQ4LCJqdGkiOiI5MjRiZTliMjZmYjk0NjNjYWNmOWVjNjlhOWQyZjc0YiIsInVzZXJfaWQiOjIxfQ.1YoJhNohA5mtUVoj4RqHTkD_D0K-e0ijbpxJdiO5PFk", "created_at": "2023-05-04T13:30:48.802Z", "expires_at": "2023-05-05T13:30:48Z"}}, {"model": "token_blacklist.outstandingtoken", "pk": 21, "fields": {"user": 21, "jti": "02bd141e8632470881a81972bbe01fd8", "token": "eyJhbGciOiJIUzI1NiIsInR5cCI6IkpXVCJ9.eyJ0b2tlbl90eXBlIjoicmVmcmVzaCIsImV4cCI6MTY4MzMwMTc2NiwiaWF0IjoxNjgzMjE1MzY2LCJqdGkiOiIwMmJkMTQxZTg2MzI0NzA4ODFhODE5NzJiYmUwMWZkOCIsInVzZXJfaWQiOjIxfQ.KdPxbDARAI31-Z9ycKgiXNtbdWKrdBBo32LxK6XOvBc", "created_at": "2023-05-04T15:49:26.118Z", "expires_at": "2023-05-05T15:49:26Z"}}, {"model": "token_blacklist.outstandingtoken", "pk": 22, "fields": {"user": 21, "jti": "0d8210ed081542769a0a1b81085486ff", "token": "eyJhbGciOiJIUzI1NiIsInR5cCI6IkpXVCJ9.eyJ0b2tlbl90eXBlIjoicmVmcmVzaCIsImV4cCI6MTY4MzMwMzkxNywiaWF0IjoxNjgzMjE3NTE3LCJqdGkiOiIwZDgyMTBlZDA4MTU0Mjc2OWEwYTFiODEwODU0ODZmZiIsInVzZXJfaWQiOjIxfQ.keSQfhz9Zjv46zgp2ii-Jq5xp9d0jbfZuYxjHL4NF8Y", "created_at": "2023-05-04T16:25:17.046Z", "expires_at": "2023-05-05T16:25:17Z"}}, {"model": "token_blacklist.outstandingtoken", "pk": 23, "fields": {"user": 20, "jti": "efb28ea985df41e7b600464453756cb3", "token": "eyJhbGciOiJIUzI1NiIsInR5cCI6IkpXVCJ9.eyJ0b2tlbl90eXBlIjoicmVmcmVzaCIsImV4cCI6MTY4NjY3NjgwNSwiaWF0IjoxNjgzMjIwODA1LCJqdGkiOiJlZmIyOGVhOTg1ZGY0MWU3YjYwMDQ2NDQ1Mzc1NmNiMyIsInVzZXJfaWQiOjIwfQ.5ehaQL2vnPPPkb7er4IdsR1mx_U1nENLr98Nf2qXwrA", "created_at": "2023-05-04T17:20:05.654Z", "expires_at": "2023-06-13T17:20:05Z"}}, {"model": "token_blacklist.outstandingtoken", "pk": 24, "fields": {"user": 21, "jti": "bdfc90fde8c842a7810428468361fe13", "token": "eyJhbGciOiJIUzI1NiIsInR5cCI6IkpXVCJ9.eyJ0b2tlbl90eXBlIjoicmVmcmVzaCIsImV4cCI6MTY4NjY3ODE2MCwiaWF0IjoxNjgzMjIyMTYwLCJqdGkiOiJiZGZjOTBmZGU4Yzg0MmE3ODEwNDI4NDY4MzYxZmUxMyIsInVzZXJfaWQiOjIxfQ.7GEMnIgNTOyh52MWusROIcJWIj5PRs-4RT1r_bir-m8", "created_at": "2023-05-04T17:42:40.147Z", "expires_at": "2023-06-13T17:42:40Z"}}, {"model": "token_blacklist.outstandingtoken", "pk": 25, "fields": {"user": 21, "jti": "53245813237e44d69eb39c5b2413bc38", "token": "eyJhbGciOiJIUzI1NiIsInR5cCI6IkpXVCJ9.eyJ0b2tlbl90eXBlIjoicmVmcmVzaCIsImV4cCI6MTY4Njc0NTkxNiwiaWF0IjoxNjgzMjg5OTE2LCJqdGkiOiI1MzI0NTgxMzIzN2U0NGQ2OWViMzljNWIyNDEzYmMzOCIsInVzZXJfaWQiOjIxfQ.9nmhDvJRJvzVlUgrK3lbyaFI-ILTwInUwFRQEMy-E-I", "created_at": "2023-05-05T12:31:56.444Z", "expires_at": "2023-06-14T12:31:56Z"}}, {"model": "token_blacklist.outstandingtoken", "pk": 26, "fields": {"user": 21, "jti": "87bb2c072daf49ba93f1460b9137286e", "token": "eyJhbGciOiJIUzI1NiIsInR5cCI6IkpXVCJ9.eyJ0b2tlbl90eXBlIjoicmVmcmVzaCIsImV4cCI6MTY4NjgzMzgxNiwiaWF0IjoxNjgzMzc3ODE2LCJqdGkiOiI4N2JiMmMwNzJkYWY0OWJhOTNmMTQ2MGI5MTM3Mjg2ZSIsInVzZXJfaWQiOjIxfQ.nUKEjYFDnsGzrHg0Qv5mIMB6N6bllPdRGAYfGpjiWvc", "created_at": "2023-05-06T12:56:56.176Z", "expires_at": "2023-06-15T12:56:56Z"}}, {"model": "token_blacklist.outstandingtoken", "pk": 27, "fields": {"user": 18, "jti": "72eecb26e91647fbaf6649e8be30e0eb", "token": "eyJhbGciOiJIUzI1NiIsInR5cCI6IkpXVCJ9.eyJ0b2tlbl90eXBlIjoicmVmcmVzaCIsImV4cCI6MTY4NjgzMzg3NiwiaWF0IjoxNjgzMzc3ODc2LCJqdGkiOiI3MmVlY2IyNmU5MTY0N2ZiYWY2NjQ5ZThiZTMwZTBlYiIsInVzZXJfaWQiOjE4fQ.I0IVL-2b0_cV3WZRH8y01ifpW-xJpu1dM0jJt7XvdLo", "created_at": "2023-05-06T12:57:56.003Z", "expires_at": "2023-06-15T12:57:56Z"}}, {"model": "token_blacklist.outstandingtoken", "pk": 28, "fields": {"user": 21, "jti": "32e39343499f4a49a323469e00716ce8", "token": "eyJhbGciOiJIUzI1NiIsInR5cCI6IkpXVCJ9.eyJ0b2tlbl90eXBlIjoicmVmcmVzaCIsImV4cCI6MTY4NjgzNjY0NiwiaWF0IjoxNjgzMzgwNjQ2LCJqdGkiOiIzMmUzOTM0MzQ5OWY0YTQ5YTMyMzQ2OWUwMDcxNmNlOCIsInVzZXJfaWQiOjIxfQ.NNvuSXhA1r_8VBttWVOWIGr3ogWA3ucd8UyqRIp6eEQ", "created_at": "2023-05-06T13:44:06.189Z", "expires_at": "2023-06-15T13:44:06Z"}}, {"model": "token_blacklist.outstandingtoken", "pk": 29, "fields": {"user": 21, "jti": "974004add2a34ec495991add6fcfb445", "token": "eyJhbGciOiJIUzI1NiIsInR5cCI6IkpXVCJ9.eyJ0b2tlbl90eXBlIjoicmVmcmVzaCIsImV4cCI6MTY4Njg0NjE4MiwiaWF0IjoxNjgzMzkwMTgyLCJqdGkiOiI5NzQwMDRhZGQyYTM0ZWM0OTU5OTFhZGQ2ZmNmYjQ0NSIsInVzZXJfaWQiOjIxfQ.DuD2lUwoXpJXONzcKTFGb-o5D8uASgkCSK-zAMchRZg", "created_at": "2023-05-06T16:23:02.114Z", "expires_at": "2023-06-15T16:23:02Z"}}, {"model": "token_blacklist.outstandingtoken", "pk": 30, "fields": {"user": 18, "jti": "531925a6ea7c460db8c01b33f9f8857f", "token": "eyJhbGciOiJIUzI1NiIsInR5cCI6IkpXVCJ9.eyJ0b2tlbl90eXBlIjoicmVmcmVzaCIsImV4cCI6MTY4Njg1MDYxOSwiaWF0IjoxNjgzMzk0NjE5LCJqdGkiOiI1MzE5MjVhNmVhN2M0NjBkYjhjMDFiMzNmOWY4ODU3ZiIsInVzZXJfaWQiOjE4fQ.VQoYi45XkhDsGLyypF8LA_ASuHR5fIIxyf39BmO6Y4Q", "created_at": "2023-05-06T17:36:59.492Z", "expires_at": "2023-06-15T17:36:59Z"}}, {"model": "token_blacklist.outstandingtoken", "pk": 31, "fields": {"user": 19, "jti": "c6261821341d4a0ebcf7e6747e250c76", "token": "eyJhbGciOiJIUzI1NiIsInR5cCI6IkpXVCJ9.eyJ0b2tlbl90eXBlIjoicmVmcmVzaCIsImV4cCI6MTY4Njg1MDgyNywiaWF0IjoxNjgzMzk0ODI3LCJqdGkiOiJjNjI2MTgyMTM0MWQ0YTBlYmNmN2U2NzQ3ZTI1MGM3NiIsInVzZXJfaWQiOjE5fQ.-IY3rl1hLO-RWBgbNwO3G8zgDqKBx_nTnJ_zN62uC1s", "created_at": "2023-05-06T17:40:27.336Z", "expires_at": "2023-06-15T17:40:27Z"}}, {"model": "token_blacklist.outstandingtoken", "pk": 32, "fields": {"user": 18, "jti": "8400a80c14f444dbb33d8d22c46d08f0", "token": "eyJhbGciOiJIUzI1NiIsInR5cCI6IkpXVCJ9.eyJ0b2tlbl90eXBlIjoicmVmcmVzaCIsImV4cCI6MTY4Njg1MDk0NiwiaWF0IjoxNjgzMzk0OTQ2LCJqdGkiOiI4NDAwYTgwYzE0ZjQ0NGRiYjMzZDhkMjJjNDZkMDhmMCIsInVzZXJfaWQiOjE4fQ.ntlWD5_wCUk2roDqpYDZqNSCJOuPbRZroIkdqIcKVyY", "created_at": "2023-05-06T17:42:26.903Z", "expires_at": "2023-06-15T17:42:26Z"}}, {"model": "token_blacklist.outstandingtoken", "pk": 33, "fields": {"user": 21, "jti": "6716e1fda7ad4cf3857d3d78919d5e64", "token": "eyJhbGciOiJIUzI1NiIsInR5cCI6IkpXVCJ9.eyJ0b2tlbl90eXBlIjoicmVmcmVzaCIsImV4cCI6MTY4Njg1MzQ5MSwiaWF0IjoxNjgzMzk3NDkxLCJqdGkiOiI2NzE2ZTFmZGE3YWQ0Y2YzODU3ZDNkNzg5MTlkNWU2NCIsInVzZXJfaWQiOjIxfQ.JrmeDlwBGtNfU7ql5flqquGdMc6m-j9FFI3gHaOyH2M", "created_at": "2023-05-06T18:24:51.114Z", "expires_at": "2023-06-15T18:24:51Z"}}, {"model": "token_blacklist.outstandingtoken", "pk": 34, "fields": {"user": 21, "jti": "0a4ec17bf80546eca8853ba698c87d44", "token": "eyJhbGciOiJIUzI1NiIsInR5cCI6IkpXVCJ9.eyJ0b2tlbl90eXBlIjoicmVmcmVzaCIsImV4cCI6MTY4Njg1MzczMSwiaWF0IjoxNjgzMzk3NzMxLCJqdGkiOiIwYTRlYzE3YmY4MDU0NmVjYTg4NTNiYTY5OGM4N2Q0NCIsInVzZXJfaWQiOjIxfQ.Ns-oSrYFvL-gNq29l0vddjIBWOb22AczpPZzmha_YjE", "created_at": "2023-05-06T18:28:51.201Z", "expires_at": "2023-06-15T18:28:51Z"}}, {"model": "token_blacklist.outstandingtoken", "pk": 35, "fields": {"user": 18, "jti": "b38cf32ee26b43688194e1c12df6abfb", "token": "eyJhbGciOiJIUzI1NiIsInR5cCI6IkpXVCJ9.eyJ0b2tlbl90eXBlIjoicmVmcmVzaCIsImV4cCI6MTY4Njg1Mzc1MSwiaWF0IjoxNjgzMzk3NzUxLCJqdGkiOiJiMzhjZjMyZWUyNmI0MzY4ODE5NGUxYzEyZGY2YWJmYiIsInVzZXJfaWQiOjE4fQ.Ud5UNTQPdbUjvIYD77O3wVLjwck0qfLIZQhshNO58YA", "created_at": "2023-05-06T18:29:11.750Z", "expires_at": "2023-06-15T18:29:11Z"}}, {"model": "token_blacklist.outstandingtoken", "pk": 36, "fields": {"user": 18, "jti": "8c98681beafd4694897de84ff6058899", "token": "eyJhbGciOiJIUzI1NiIsInR5cCI6IkpXVCJ9.eyJ0b2tlbl90eXBlIjoicmVmcmVzaCIsImV4cCI6MTY4NzI1MjY1MCwiaWF0IjoxNjgzNzk2NjUwLCJqdGkiOiI4Yzk4NjgxYmVhZmQ0Njk0ODk3ZGU4NGZmNjA1ODg5OSIsInVzZXJfaWQiOjE4fQ.8Wnr8hh7C51QmJvOxTajYltFxEt7d1P1IjE0BK2BShg", "created_at": "2023-05-11T09:17:30.018Z", "expires_at": "2023-06-20T09:17:30Z"}}, {"model": "token_blacklist.outstandingtoken", "pk": 37, "fields": {"user": 21, "jti": "9be55914267b47139d205319f614e366", "token": "eyJhbGciOiJIUzI1NiIsInR5cCI6IkpXVCJ9.eyJ0b2tlbl90eXBlIjoicmVmcmVzaCIsImV4cCI6MTY4Nzc3ODU5MCwiaWF0IjoxNjg0MzIyNTkwLCJqdGkiOiI5YmU1NTkxNDI2N2I0NzEzOWQyMDUzMTlmNjE0ZTM2NiIsInVzZXJfaWQiOjIxfQ.MstAd89hO6iagrpRntr_xfVbYHnj4WbGaEnv0s_SJ_s", "created_at": "2023-05-17T11:23:10.125Z", "expires_at": "2023-06-26T11:23:10Z"}}, {"model": "token_blacklist.outstandingtoken", "pk": 38, "fields": {"user": 21, "jti": "2764a7592e8240aea9eda1b738489205", "token": "eyJhbGciOiJIUzI1NiIsInR5cCI6IkpXVCJ9.eyJ0b2tlbl90eXBlIjoicmVmcmVzaCIsImV4cCI6MTY4Nzc3ODU5MiwiaWF0IjoxNjg0MzIyNTkyLCJqdGkiOiIyNzY0YTc1OTJlODI0MGFlYTllZGExYjczODQ4OTIwNSIsInVzZXJfaWQiOjIxfQ.rtKMlEgA8D4vEKMqG3xxHmHpOwlutTXkAc-4SN8weg0", "created_at": "2023-05-17T11:23:12.378Z", "expires_at": "2023-06-26T11:23:12Z"}}, {"model": "token_blacklist.outstandingtoken", "pk": 39, "fields": {"user": 21, "jti": "86aef4e380374e25a9143bbc59a1703a", "token": "eyJhbGciOiJIUzI1NiIsInR5cCI6IkpXVCJ9.eyJ0b2tlbl90eXBlIjoicmVmcmVzaCIsImV4cCI6MTY4Nzc3ODU5MiwiaWF0IjoxNjg0MzIyNTkyLCJqdGkiOiI4NmFlZjRlMzgwMzc0ZTI1YTkxNDNiYmM1OWExNzAzYSIsInVzZXJfaWQiOjIxfQ.ITrVCrcGQkf_B48XRO42_NjkVIuSV59OOlYvq0zQz0g", "created_at": "2023-05-17T11:23:12.977Z", "expires_at": "2023-06-26T11:23:12Z"}}, {"model": "token_blacklist.outstandingtoken", "pk": 40, "fields": {"user": 21, "jti": "f7e24eb51b864f4ba927804cd6f2902b", "token": "eyJhbGciOiJIUzI1NiIsInR5cCI6IkpXVCJ9.eyJ0b2tlbl90eXBlIjoicmVmcmVzaCIsImV4cCI6MTY4Nzc3ODU5MywiaWF0IjoxNjg0MzIyNTkzLCJqdGkiOiJmN2UyNGViNTFiODY0ZjRiYTkyNzgwNGNkNmYyOTAyYiIsInVzZXJfaWQiOjIxfQ.G9U0FOFFXnBDr8LekhD4yOtjnbKpda9wqpMZaXZ3qZU", "created_at": "2023-05-17T11:23:13.176Z", "expires_at": "2023-06-26T11:23:13Z"}}, {"model": "token_blacklist.outstandingtoken", "pk": 41, "fields": {"user": 21, "jti": "213b73c0c6434e468d00e45ec265d5ec", "token": "eyJhbGciOiJIUzI1NiIsInR5cCI6IkpXVCJ9.eyJ0b2tlbl90eXBlIjoicmVmcmVzaCIsImV4cCI6MTY4Nzc3ODU5MywiaWF0IjoxNjg0MzIyNTkzLCJqdGkiOiIyMTNiNzNjMGM2NDM0ZTQ2OGQwMGU0NWVjMjY1ZDVlYyIsInVzZXJfaWQiOjIxfQ.b_vs_Pls1VwWPjnne_qx970O62IZm1V4W9ZW3-ap7zU", "created_at": "2023-05-17T11:23:13.130Z", "expires_at": "2023-06-26T11:23:13Z"}}, {"model": "token_blacklist.outstandingtoken", "pk": 42, "fields": {"user": 21, "jti": "f9da5ffb49dc4fb6a8367a1644f60df3", "token": "eyJhbGciOiJIUzI1NiIsInR5cCI6IkpXVCJ9.eyJ0b2tlbl90eXBlIjoicmVmcmVzaCIsImV4cCI6MTY4Nzc3ODU5MywiaWF0IjoxNjg0MzIyNTkzLCJqdGkiOiJmOWRhNWZmYjQ5ZGM0ZmI2YTgzNjdhMTY0NGY2MGRmMyIsInVzZXJfaWQiOjIxfQ.TgM8OHuFc6-dTxh6iWo4iZez6lL_c_oCYHzKlheaexk", "created_at": "2023-05-17T11:23:13.658Z", "expires_at": "2023-06-26T11:23:13Z"}}, {"model": "token_blacklist.outstandingtoken", "pk": 43, "fields": {"user": 21, "jti": "718ab4a76ce64cef9a224967aa0fd9c6", "token": "eyJhbGciOiJIUzI1NiIsInR5cCI6IkpXVCJ9.eyJ0b2tlbl90eXBlIjoicmVmcmVzaCIsImV4cCI6MTY4Nzc3ODU5MywiaWF0IjoxNjg0MzIyNTkzLCJqdGkiOiI3MThhYjRhNzZjZTY0Y2VmOWEyMjQ5NjdhYTBmZDljNiIsInVzZXJfaWQiOjIxfQ.3r8KfflKrJLPNnTgANZSKT5ux-769Q_eQ-YWtae5jfM", "created_at": "2023-05-17T11:23:13.555Z", "expires_at": "2023-06-26T11:23:13Z"}}, {"model": "token_blacklist.outstandingtoken", "pk": 44, "fields": {"user": 21, "jti": "12fd83bf92d24615b71485c4e72cb13d", "token": "eyJhbGciOiJIUzI1NiIsInR5cCI6IkpXVCJ9.eyJ0b2tlbl90eXBlIjoicmVmcmVzaCIsImV4cCI6MTY4Nzc3ODU5NCwiaWF0IjoxNjg0MzIyNTk0LCJqdGkiOiIxMmZkODNiZjkyZDI0NjE1YjcxNDg1YzRlNzJjYjEzZCIsInVzZXJfaWQiOjIxfQ.PDa0FoJaJT4etWTYYYRWk7wXOyAZbcP2pSUQ25zXBvQ", "created_at": "2023-05-17T11:23:14.427Z", "expires_at": "2023-06-26T11:23:14Z"}}, {"model": "token_blacklist.outstandingtoken", "pk": 45, "fields": {"user": 21, "jti": "3f9dedb68b3340bfb958a47ee3f8747c", "token": "eyJhbGciOiJIUzI1NiIsInR5cCI6IkpXVCJ9.eyJ0b2tlbl90eXBlIjoicmVmcmVzaCIsImV4cCI6MTY4Nzc3ODU5NSwiaWF0IjoxNjg0MzIyNTk1LCJqdGkiOiIzZjlkZWRiNjhiMzM0MGJmYjk1OGE0N2VlM2Y4NzQ3YyIsInVzZXJfaWQiOjIxfQ.UmMtA-_Y_g19OF-ulYUP2dkONLU1zW4ER8LxYBN6cvQ", "created_at": "2023-05-17T11:23:15.499Z", "expires_at": "2023-06-26T11:23:15Z"}}, {"model": "token_blacklist.outstandingtoken", "pk": 46, "fields": {"user": 23, "jti": "e576ac15b320450bb7c796785fff60c7", "token": "eyJhbGciOiJIUzI1NiIsInR5cCI6IkpXVCJ9.eyJ0b2tlbl90eXBlIjoicmVmcmVzaCIsImV4cCI6MTY4Nzc3OTM5NiwiaWF0IjoxNjg0MzIzMzk2LCJqdGkiOiJlNTc2YWMxNWIzMjA0NTBiYjdjNzk2Nzg1ZmZmNjBjNyIsInVzZXJfaWQiOjIzfQ.GVeLEAGB2rxs9-hszDyraPiU7LRArsNNLYji1FZ4TA4", "created_at": "2023-05-17T11:36:36.813Z", "expires_at": "2023-06-26T11:36:36Z"}}, {"model": "token_blacklist.outstandingtoken", "pk": 47, "fields": {"user": 18, "jti": "8ec0641da4d34d5882faa14e78e57843", "token": "eyJhbGciOiJIUzI1NiIsInR5cCI6IkpXVCJ9.eyJ0b2tlbl90eXBlIjoicmVmcmVzaCIsImV4cCI6MTY4Nzg1MzQxMCwiaWF0IjoxNjg0Mzk3NDEwLCJqdGkiOiI4ZWMwNjQxZGE0ZDM0ZDU4ODJmYWExNGU3OGU1Nzg0MyIsInVzZXJfaWQiOjE4fQ.KCQG6ak3N7yKPcqMXTKRWd47BzmwZ6Ibn5ha8S5enX4", "created_at": "2023-05-18T08:10:10.307Z", "expires_at": "2023-06-27T08:10:10Z"}}, {"model": "token_blacklist.outstandingtoken", "pk": 48, "fields": {"user": 19, "jti": "074b5ef94b444ce79c02ac9dda3b356f", "token": "eyJhbGciOiJIUzI1NiIsInR5cCI6IkpXVCJ9.eyJ0b2tlbl90eXBlIjoicmVmcmVzaCIsImV4cCI6MTY4NzkzMTU3NCwiaWF0IjoxNjg0NDc1NTc0LCJqdGkiOiIwNzRiNWVmOTRiNDQ0Y2U3OWMwMmFjOWRkYTNiMzU2ZiIsInVzZXJfaWQiOjE5fQ.jyqSdEiupUR7w62TuFig_hKmrJEWrFcO24cLszFBLVg", "created_at": "2023-05-19T05:52:54.153Z", "expires_at": "2023-06-28T05:52:54Z"}}, {"model": "token_blacklist.outstandingtoken", "pk": 49, "fields": {"user": 18, "jti": "30c37ba910b7491ca0282c5a683e02cd", "token": "eyJhbGciOiJIUzI1NiIsInR5cCI6IkpXVCJ9.eyJ0b2tlbl90eXBlIjoicmVmcmVzaCIsImV4cCI6MTY4ODAzMDI0MiwiaWF0IjoxNjg0NTc0MjQyLCJqdGkiOiIzMGMzN2JhOTEwYjc0OTFjYTAyODJjNWE2ODNlMDJjZCIsInVzZXJfaWQiOjE4fQ.GfYC3g64b6XmBLAt0FwdxyOm3uYkNaTAJ_vCbQ6OooU", "created_at": "2023-05-20T09:17:22.261Z", "expires_at": "2023-06-29T09:17:22Z"}}, {"model": "token_blacklist.outstandingtoken", "pk": 50, "fields": {"user": 25, "jti": "7eb0556bef004d0e8f3d7e0da17fad27", "token": "eyJhbGciOiJIUzI1NiIsInR5cCI6IkpXVCJ9.eyJ0b2tlbl90eXBlIjoicmVmcmVzaCIsImV4cCI6MTY4ODA5ODczNCwiaWF0IjoxNjg0NjQyNzM0LCJqdGkiOiI3ZWIwNTU2YmVmMDA0ZDBlOGYzZDdlMGRhMTdmYWQyNyIsInVzZXJfaWQiOjI1fQ.kBTqBuBw20z1JSBWGHbhpcyeYO33_L5qUao0atBAV8M", "created_at": "2023-05-21T04:18:54.228Z", "expires_at": "2023-06-30T04:18:54Z"}}, {"model": "token_blacklist.outstandingtoken", "pk": 51, "fields": {"user": 18, "jti": "8cd2f9647938448e9ced64b66769fcf7", "token": "eyJhbGciOiJIUzI1NiIsInR5cCI6IkpXVCJ9.eyJ0b2tlbl90eXBlIjoicmVmcmVzaCIsImV4cCI6MTY4ODEwODMwMSwiaWF0IjoxNjg0NjUyMzAxLCJqdGkiOiI4Y2QyZjk2NDc5Mzg0NDhlOWNlZDY0YjY2NzY5ZmNmNyIsInVzZXJfaWQiOjE4fQ.6Nv_ZuCy44DDionqWk_1aKmEehgwCymVgZPlQwA-pKI", "created_at": "2023-05-21T06:58:21.042Z", "expires_at": "2023-06-30T06:58:21Z"}}, {"model": "token_blacklist.outstandingtoken", "pk": 52, "fields": {"user": 18, "jti": "d6850a0ae25a4eb0b27a49f3741872a5", "token": "eyJhbGciOiJIUzI1NiIsInR5cCI6IkpXVCJ9.eyJ0b2tlbl90eXBlIjoicmVmcmVzaCIsImV4cCI6MTY4ODExMDg0NCwiaWF0IjoxNjg0NjU0ODQ0LCJqdGkiOiJkNjg1MGEwYWUyNWE0ZWIwYjI3YTQ5ZjM3NDE4NzJhNSIsInVzZXJfaWQiOjE4fQ.8gajiQcsJ5Kdhm0jOob9APVdvZhIonrT6J71aHr-iMc", "created_at": "2023-05-21T07:40:44.019Z", "expires_at": "2023-06-30T07:40:44Z"}}, {"model": "token_blacklist.outstandingtoken", "pk": 53, "fields": {"user": 18, "jti": "b0153f5b25314d2693c75ba077848980", "token": "eyJhbGciOiJIUzI1NiIsInR5cCI6IkpXVCJ9.eyJ0b2tlbl90eXBlIjoicmVmcmVzaCIsImV4cCI6MTY4ODEyOTYzOCwiaWF0IjoxNjg0NjczNjM4LCJqdGkiOiJiMDE1M2Y1YjI1MzE0ZDI2OTNjNzViYTA3Nzg0ODk4MCIsInVzZXJfaWQiOjE4fQ.aS7L_erESIoAmEkfQiUpHvrtomtZNp4jr87jb3HJqmw", "created_at": "2023-05-21T12:53:58.750Z", "expires_at": "2023-06-30T12:53:58Z"}}, {"model": "token_blacklist.outstandingtoken", "pk": 54, "fields": {"user": 19, "jti": "8b6aad0d530d405981a5e374e9dd24e4", "token": "eyJhbGciOiJIUzI1NiIsInR5cCI6IkpXVCJ9.eyJ0b2tlbl90eXBlIjoicmVmcmVzaCIsImV4cCI6MTY4ODEzMTAyMCwiaWF0IjoxNjg0Njc1MDIwLCJqdGkiOiI4YjZhYWQwZDUzMGQ0MDU5ODFhNWUzNzRlOWRkMjRlNCIsInVzZXJfaWQiOjE5fQ.r1DOr9_x4_mCriMj_G3IjEycZbbTpRXiE1x6Kak7gPQ", "created_at": "2023-05-21T13:17:00.130Z", "expires_at": "2023-06-30T13:17:00Z"}}, {"model": "token_blacklist.outstandingtoken", "pk": 55, "fields": {"user": 18, "jti": "6ac9946ce4f24bb791ff7cf94863143c", "token": "eyJhbGciOiJIUzI1NiIsInR5cCI6IkpXVCJ9.eyJ0b2tlbl90eXBlIjoicmVmcmVzaCIsImV4cCI6MTY4ODE0Mjg0MiwiaWF0IjoxNjg0Njg2ODQyLCJqdGkiOiI2YWM5OTQ2Y2U0ZjI0YmI3OTFmZjdjZjk0ODYzMTQzYyIsInVzZXJfaWQiOjE4fQ.ulSOnxRTDBJLBXK8x4buMyG4npsi4Eh6LEItstP3nDA", "created_at": "2023-05-21T16:34:02.197Z", "expires_at": "2023-06-30T16:34:02Z"}}, {"model": "token_blacklist.outstandingtoken", "pk": 56, "fields": {"user": 25, "jti": "3cba9130c04e4bf0b148fdf3bb50b11a", "token": "eyJhbGciOiJIUzI1NiIsInR5cCI6IkpXVCJ9.eyJ0b2tlbl90eXBlIjoicmVmcmVzaCIsImV4cCI6MTY4ODE0MzI4NCwiaWF0IjoxNjg0Njg3Mjg0LCJqdGkiOiIzY2JhOTEzMGMwNGU0YmYwYjE0OGZkZjNiYjUwYjExYSIsInVzZXJfaWQiOjI1fQ.jqbHqqSX1Yd3wKfvWCYZhCHk9ck_zjWXMGuXUGdl3Zk", "created_at": "2023-05-21T16:41:24.594Z", "expires_at": "2023-06-30T16:41:24Z"}}]